"","ResponseId","GPAn","envir_index","knowledge_index","ideology","genderc","envirconcern","studfacstaff","behaveall","b1publictransit","b2carpool","b3bikewalk","b4buylocal","b5lessmeat","b6buyrecycled","b7studentorg","b8vote","b9volunteer","b10lightsoff","b11heatdown","b12washcold","b13shortshower","b14drinktap","b15reusebottle","b16RRR","b17doublesided","b18greenclean","b19secondhand"
"1","R_3qjrRmGvPwNILxm","",13,4,2,"Female",1,"Student",15,0,1,0,0,1,1,1,1,1,1,1,1,1,1,1,1,1,1,0
"2","R_12bZpZ5IdKPqYWt","",20,2,1,"Female",1,"Student",8,1,0,0,1,1,0,0,0,1,1,0,0,1,1,0,1,0,0,0
"3","R_3EtXT4jSbWj4vzo","",14,5,1,"Gender variant/non-conforming",1,"Student",17,1,1,1,1,0,1,1,1,1,1,1,1,1,1,1,1,1,1,0
"4","R_3FWmB2KIqiGPllL","",13,3,4,"Male",2,"Student",10,0,0,1,1,0,1,1,0,1,1,1,1,1,0,0,1,0,0,0
"5","R_24nGPSxK8sHJW0V","",16,2,4,"Female",3,"Student",7,0,0,0,0,0,1,0,0,0,1,1,1,0,1,1,1,0,0,0
"6","R_yQr0Q3AxUV0Tj6p","",12,3,4,"Female",2,"Student",10,0,0,1,0,0,1,0,1,0,1,1,1,0,1,1,1,1,0,0
"7","R_ZyMKgZguvCIrABj","",9,3,1,"Gender variant/non-conforming",1,"Student",15,1,1,1,1,1,0,0,1,1,1,1,1,0,1,1,1,1,1,0
"8","R_1o1j3OSGKCe6JvO","",13,4,2,"Female",3,"Student",10,1,0,1,0,0,1,1,1,0,1,0,0,0,1,1,1,1,0,0
"9","R_28HukHkMg2pGgeA","",12,4,1,"Gender variant/non-conforming",1,"Student",8,0,1,1,0,0,0,0,1,0,1,0,0,0,1,1,1,1,0,0
"10","R_1LB7qaJ9G0voTHo","",16,3,3,"Male",2,"Student",5,0,1,0,0,0,0,1,0,0,1,1,0,0,0,1,0,0,0,0
"11","R_DRTVE2Zl6H0Ut8Z","",17,3,1,"Male",1,"Student",10,1,0,0,0,0,0,1,1,1,1,1,0,1,1,1,1,0,0,0
"12","R_Dl6U8xBYEXF9rOh","",16,3,2,"Female",2,"Student",5,1,1,1,0,0,0,0,0,0,0,0,0,0,0,0,1,1,0,0
"13","R_2Pofwft8sFhoy1R","",12,3,3,"Female",2,"Student",5,1,0,0,0,0,0,0,1,0,0,0,1,0,0,1,0,1,0,0
"14","R_QfBSsFAKyvvGBQl","",17,2,3,"Female",1,"Student",15,0,1,1,1,1,1,0,1,0,1,1,1,1,1,1,1,1,1,0
"15","R_1JL466Si8xzkAmF","",13,3,1,"Female",3,"Student",10,1,1,1,0,0,0,1,1,0,1,1,0,0,1,1,1,0,0,0
"16","R_2ANMzVrNnrcAXiF","",17,5,4,"Female",1,"Student",12,1,1,1,0,0,0,1,1,1,1,1,1,0,1,1,1,0,0,0
"17","R_3O67OTNtiJkaJqt","",14,4,1,"Female",1,"Student",8,1,0,1,0,0,0,0,0,0,1,0,1,0,1,1,1,0,0,1
"18","R_27v2yFjYsEynHwt","",9,1,2,"Male",2,"Student",5,0,0,0,0,0,0,0,1,0,1,1,1,0,0,0,1,0,0,0
"19","R_2wtwzVZ7o8jE0bG","",12,4,3,"Female",1,"Student",9,0,0,0,0,1,0,0,1,1,1,0,1,0,1,1,1,1,0,0
"20","R_2YPu5AijoqiNWrr","",15,2,1,"Female",1,"Student",19,1,1,1,1,1,1,1,1,1,1,1,1,1,1,1,1,1,1,1
"21","R_1Oq4yiqgH7GA1ig","",14,4,3,"Female",2,"Student",15,1,1,1,1,0,1,1,0,0,1,1,1,1,1,1,1,1,0,1
"22","R_2ZKX3MFqvHKT7sy","",15,4,3,"Female",3,"Student",10,0,1,0,0,1,0,0,1,0,1,1,1,1,0,1,1,0,0,1
"23","R_RqSFpqfXloZi5a1","",14,3,2,"Female",3,"Student",9,1,0,1,0,0,1,1,1,0,1,0,1,0,0,1,1,0,0,0
"24","R_7W2fpZeSWFhEjJv","",8,4,3,"Male",3,"Student",2,0,1,1,0,0,0,0,0,0,0,0,0,0,0,0,0,0,0,0
"25","R_1QGHR18IDl0DiaI","",15,0,2,"Female",1,"Student",14,1,1,1,0,0,1,1,1,1,1,1,1,0,0,1,1,1,0,1
"26","R_1BPYQswnsmEVrgk","",7,6,5,"Male",2,"Student",6,1,0,1,0,0,0,0,0,0,1,0,0,1,1,1,0,0,0,0
"27","R_3FJNyN3hyeEs6fC","",16,4,3,"Female",1,"Student",6,0,0,0,0,0,0,0,0,0,1,1,1,0,0,1,0,1,0,1
"28","R_1IsjumeYMJr7xtA","",20,4,3,"Male",1,"Student",10,1,1,1,0,0,1,1,0,0,1,0,0,0,1,1,1,0,0,1
"29","R_1hMBWKu2fVlArhb","",10,4,1,"Female",1,"Student",9,1,0,1,0,1,0,0,1,0,1,0,1,0,1,1,0,1,0,0
"30","R_Y9LevSnvFAKFpCh","",14,4,2,"Gender variant/non-conforming",1,"Student",11,1,1,1,0,0,1,0,1,0,1,1,0,0,1,1,1,0,0,1
"31","R_1LHIH3qrPTzx1DR","",15,4,2,"Male",1,"Student",15,0,0,1,0,0,1,1,1,1,1,1,1,1,1,1,1,1,1,1
"32","R_3RqK7detlM1vnqe","",13,3,2,"Female",1,"Student",12,0,0,0,0,1,1,0,1,1,1,1,1,0,1,1,1,0,1,1
"33","R_pDwd3n8igonJQzL","",9,4,4,"Male",2,"Student",6,1,0,1,0,0,1,0,0,0,1,0,1,0,0,0,0,1,0,0
"34","R_SIavuB7GjULMPTP","",15,4,1,"Gender variant/non-conforming",1,"Student",16,1,1,1,1,0,1,1,1,1,1,1,1,1,0,1,1,1,0,1
"35","R_1ODMHHg2Bpo8lzu","",11,6,3,"Male",3,"Student",8,0,0,0,0,0,1,1,0,0,1,1,1,0,1,1,1,0,0,0
"36","R_1msFLuVvc96Des6","",12,2,3,"Female",3,"Student",6,0,0,1,0,0,0,0,0,0,1,1,1,0,0,1,1,0,0,0
"37","R_2fdtqyQZmYKk9m3","",16,2,3,"Female",2,"Student",10,0,1,0,0,0,1,0,0,0,1,1,1,0,1,1,1,0,1,1
"38","R_1gqGP5t0D51FHKF","",14,0,1,"Female",1,"Student",12,0,1,1,0,1,0,1,1,0,1,1,1,0,0,1,1,1,0,1
"39","R_1o1mMt26sfFfFNT","",12,3,5,"Female",2,"Student",6,0,0,0,1,0,0,0,1,0,1,1,0,0,0,1,0,0,0,1
"40","R_1guLKqcMi8LEYjD","",17,4,3,"Female",3,"Student",17,1,1,1,1,0,0,1,1,1,1,1,1,1,1,1,1,1,1,1
"41","R_2e5tnaUzdzH2Duy","",11,4,1,"Male",1,"Student",9,1,0,0,0,0,1,0,1,0,1,1,1,1,0,0,1,0,0,1
"42","R_3kGKiGi2TjJ5Jnn","",17,2,3,"Female",3,"Student",11,0,0,1,0,1,0,0,1,1,1,1,0,0,1,1,1,1,0,1
"43","R_1gS0cUN8wOxbayd","",15,3,3,"Female",3,"Student",5,0,1,0,1,0,0,0,0,0,1,0,1,0,0,0,0,0,1,0
"44","R_3gO3xY2vwdUY2IR","",12,3,4,"Male",3,"Student",10,1,1,1,1,0,0,0,0,0,1,0,1,1,1,1,1,0,0,0
"45","R_2xW8qzq0rgniBu5","",13,3,4,"Male",3,"Student",8,0,0,1,0,0,0,1,1,0,1,1,0,1,0,1,1,0,0,0
"46","R_24l67n8d39gqpy1","",15,4,1,"Female",1,"Student",5,0,0,0,0,0,0,0,1,0,1,1,0,0,0,1,0,1,0,0
"47","R_vYVD0o27b86ZS81","",14,2,3,"Female",1,"Student",14,0,1,1,1,0,1,1,1,1,1,1,1,0,0,1,1,1,0,1
"48","R_3Mc9JHDNiQt1wjI","",12,3,2,"Female",3,"Student",9,0,0,1,0,0,1,0,1,0,1,0,1,0,1,1,1,1,0,0
"49","R_331rwYqUafjuQ6w","",13,3,1,"Female",1,"Student",9,0,1,0,0,0,0,0,1,0,1,1,0,0,0,1,1,1,1,1
"50","R_3h9JlIj9dijVU9Z","",10,4,3,"Male",2,"Student",14,1,1,1,0,1,1,1,0,1,1,1,1,1,1,1,1,0,0,0
"51","R_bqhXpM5yp8f8SE9","",12,4,3,"Female",3,"Student",9,0,0,1,0,1,0,0,0,0,1,1,1,0,1,1,0,1,0,1
"52","R_3qgJKKdzcNtRm4G","",15,4,3,"Female",1,"Student",9,0,0,0,1,0,1,0,0,0,1,1,1,0,0,0,1,1,1,1
"53","R_3iDN7edsME6cFu9","",15,2,2,"Female",1,"Student",15,1,0,0,1,1,1,1,1,1,1,1,1,0,1,1,1,1,0,1
"54","R_1eOWnQtf5NEqW0J","",12,3,1,"Female",1,"Student",12,0,0,0,0,1,1,0,1,0,1,1,1,0,1,1,1,1,1,1
"55","R_1jrCcvVH1OP9A5m","",15,3,1,"Male",1,"Student",2,1,0,1,0,0,0,0,0,0,0,0,0,0,0,0,0,0,0,0
"56","R_3FUlQMSFXUZ9lvy","",12,5,2,"Gender variant/non-conforming",3,"Student",12,1,0,1,0,1,0,1,1,1,1,1,0,0,1,1,0,1,0,1
"57","R_PNH9llziWn0rTR7","",14,2,2,"Female",3,"Student",10,0,0,1,0,0,1,0,1,1,1,1,1,0,0,1,1,0,0,1
"58","R_3KOaLouDxFHfvUC","",15,2,1,"Female",1,"Student",14,0,0,1,1,0,1,0,1,0,1,1,1,1,1,1,1,1,1,1
"59","R_V2LgBSHv94XKpDH","",11,4,2,"Female",2,"Student",10,1,0,1,0,0,0,0,0,0,1,1,1,1,1,1,1,0,0,1
"60","R_20NkuTidvO1PCyF","",12,5,3,"Male",3,"Student",8,0,0,1,0,0,0,1,0,1,0,0,1,0,1,1,1,1,0,0
"61","R_12mTVUx6qZahsYi","",14,4,3,"Female",3,"Student",10,1,0,1,0,1,1,0,1,0,1,1,1,0,1,0,1,0,0,0
"62","R_11gSKsRFwu3kfT3","",15,5,1,"Female",1,"Student",14,1,0,1,1,1,1,0,1,0,1,1,0,0,1,1,1,1,1,1
"63","R_2BbrHrVGCMJEN3p","",15,5,2,"Female",1,"Student",14,1,0,1,1,0,1,1,0,0,1,1,1,1,0,1,1,1,1,1
"64","R_2y2ZYW73adE64Jh","",19,4,3,"Female",1,"Student",13,0,1,1,0,0,1,0,1,0,1,1,1,0,1,1,1,1,1,1
"65","R_2XmwlVT99ePHV9f","",19,3,1,"Male",3,"Student",11,1,0,0,0,1,0,1,0,0,1,1,1,0,1,1,0,1,1,1
"66","R_3M4iIK60hng34IH","",15,4,3,"Male",1,"Student",17,1,1,1,1,1,1,1,0,0,1,1,1,1,1,1,1,1,1,1
"67","R_25GCYW9j9qGNEoa","",12,1,4,"Male",2,"Student",7,0,0,1,0,0,0,0,0,0,0,0,1,1,1,1,1,0,0,1
"68","R_2tlFLkUhffUqcTS","",13,3,3,"Female",1,"Student",13,1,1,1,1,1,1,0,1,0,0,1,1,1,0,1,1,0,1,0
"69","R_3k0NK3jls7FumMA","",14,4,2,"Female",3,"Student",8,0,0,1,0,1,1,0,1,0,1,1,0,0,0,0,0,1,0,1
"70","R_sYESCEPkzDx7wGt","",13,4,3,"Male",1,"Student",15,1,1,1,0,0,1,1,0,1,1,1,1,1,1,1,1,1,0,1
"71","R_1mPAuIBT3EPKPBD","",13,5,1,"Male",1,"Student",11,0,0,1,1,0,1,0,1,0,1,1,1,0,1,1,1,0,0,1
"72","R_D31INzQekdOYUFj","",15,3,2,"Female",3,"Student",5,1,0,0,0,1,0,0,0,1,1,0,0,0,0,0,0,1,0,0
"73","R_pbMf4PJa3ZikSNH","",16,4,2,"Female",3,"Student",2,0,1,1,0,0,0,0,0,0,0,0,0,0,0,0,0,0,0,0
"74","R_323ePiIAeRrYRbC","",13,5,1,"Transgender male",1,"Student",18,1,1,1,1,1,1,1,1,1,1,1,1,1,1,1,1,1,0,1
"75","R_3CNpmC4W1cwR6hn","",12,3,5,"Female",2,"Student",9,0,1,1,0,0,0,1,1,1,1,0,0,1,1,1,0,0,0,0
"76","R_2vjMAnxtZLVq7mz","",15,3,3,"Female",1,"Student",13,0,1,1,0,1,1,1,1,0,1,1,1,0,1,1,1,1,0,0
"77","R_2w4i1bC2JG82Bi5","",16,3,3,"Female",1,"Student",14,0,0,1,1,1,1,0,1,1,1,1,1,0,1,1,1,1,0,1
"78","R_zSZzcNVRJLMJ7c5","",12,3,3,"Female",2,"Student",6,0,0,0,1,0,0,0,0,0,1,1,0,0,0,1,1,0,0,1
"79","R_2wREumTBvUlF8AQ","",11,5,3,"Female",3,"Student",10,0,1,0,0,0,1,1,1,1,1,0,1,0,1,1,1,0,0,0
"80","R_3gTJsruj8nRw99i","",8,6,3,"Gender variant/non-conforming",1,"Student",9,1,0,1,0,0,1,0,1,0,1,0,0,1,1,0,0,0,1,1
"81","R_2ff8UQxuT0Ac9TB","",15,4,1,"Female",1,"Student",11,0,0,1,0,0,0,1,1,1,1,0,1,0,1,1,1,1,0,1
"82","R_3elSHJaT0IHPibg","",11,4,3,"Male",1,"Student",13,0,1,0,1,0,1,0,1,1,1,1,0,1,0,1,1,1,1,1
"83","R_1nNk49B4QEtCjBn","",11,6,3,"Male",3,"Student",9,0,0,1,0,0,0,0,1,0,1,0,1,0,1,1,1,1,1,0
"84","R_9ER2XtLXED2k61b","",17,1,1,"Male",1,"Student",2,1,0,1,0,0,0,0,0,0,0,0,0,0,0,0,0,0,0,0
"85","R_2zucMNPXqqySDgR","",15,3,1,"Female",3,"Student",14,0,1,1,0,1,1,1,0,1,1,1,0,1,1,1,1,1,1,0
"86","R_3lS5kGEzJ1aAF9N","",12,3,4,"Female",2,"Student",15,0,0,0,1,0,1,1,1,1,1,1,1,1,1,1,1,1,1,1
"87","R_1jIJzRCecpJ2ziv","",12,3,2,"Female",3,"Student",4,0,0,0,0,0,0,1,1,0,1,0,1,0,0,0,0,0,0,0
"88","R_11Y3KeGTEGgNPPI","",15,4,1,"Female",1,"Student",11,1,0,1,0,1,0,1,1,0,1,0,1,0,1,1,0,0,1,1
"89","R_OjNljowzisiw4IF","",15,5,3,"Male",1,"Student",14,0,0,1,1,1,1,0,1,0,1,1,1,0,1,1,1,1,1,1
"90","R_1LTLqqvMDD4DDS6","",13,2,5,"Female",3,"Student",16,1,0,1,1,1,1,1,1,1,1,1,1,0,1,1,1,1,0,1
"91","R_5tGyEa3DEuoIaqJ","",12,5,1,"Female",1,"Student",10,1,0,1,0,1,0,0,0,0,1,0,1,1,1,1,1,1,0,0
"92","R_3oH0VywWdjljZaP","",9,0,2,"Female",3,"Student",8,0,0,0,1,0,1,0,1,0,1,0,1,0,1,1,1,0,0,0
"93","R_2918mTENGUgNbQV","",13,4,1,"Gender variant/non-conforming",1,"Student",14,1,0,1,1,1,1,1,0,0,1,1,0,0,1,1,1,1,1,1
"94","R_27eDFt5z5zsOhwQ","",15,3,1,"Female",3,"Student",5,1,0,1,0,0,0,1,0,1,0,0,0,0,0,0,0,1,0,0
"95","R_Wjs80gg4hjLQkRH","",12,3,5,"Female",1,"Student",11,0,0,1,1,0,0,0,0,0,1,1,1,1,1,1,1,0,1,1
"96","R_PTlkoPBpgt29Kp3","",12,4,5,"Male",3,"Student",8,0,0,0,1,0,1,0,1,0,1,0,1,0,1,1,1,0,0,0
"97","R_3MbehGlKqhXhBmC","",13,4,2,"Gender variant/non-conforming",1,"Student",13,1,1,1,0,1,1,0,1,1,1,1,1,0,0,1,1,0,0,1
"98","R_2ffE5gReUPmWLND","",6,3,3,"Female",2,"Student",10,0,0,1,0,1,0,0,0,0,1,1,1,0,1,1,1,1,0,1
"99","R_zUbACn0mF8krnuV","",15,6,3,"Male",1,"Student",12,1,0,1,0,0,1,0,1,0,1,1,1,0,1,1,1,1,0,1
"100","R_1esBBU8U1QmT4XL","",13,5,3,"Female",3,"Student",11,1,0,1,0,0,1,1,1,1,1,0,1,0,0,1,0,1,0,1
"101","R_2QfIQPRsc7noPHB","",16,3,2,"Female",1,"Student",8,0,0,0,1,1,1,0,1,0,1,0,1,0,0,1,0,0,0,1
"102","R_e8rBX7LwLkfH0f7","",11,3,1,"Female",2,"Student",8,0,0,1,0,0,0,0,1,0,1,0,0,0,1,1,1,1,0,1
"103","R_2bN5WrPRoF9FcGD","",10,5,4,"Male",3,"Student",5,0,0,1,0,0,0,1,1,0,1,0,0,0,0,0,0,0,0,1
"104","R_9WEYBsCL4zGECe5","3.01-3.50",16,4,2,"Female",1,"Student",14,1,1,1,0,1,1,0,0,0,1,1,1,0,1,1,1,1,1,1
"105","R_3dF96USCB9rMkQR","3.01-3.50",15,4,3,"Female",3,"Student",14,1,1,1,0,1,0,1,0,1,1,1,1,1,0,1,1,1,0,1
"106","R_2zYNp2iheGa9LLT","2-2.50",16,4,3,"Male",3,"Student",4,0,0,0,0,0,0,0,1,0,1,0,0,0,0,1,1,0,0,0
"107","R_33s5UsT6YrExxSw","3.51-4.00",9,3,5,"Male",2,"Student",8,0,0,0,0,0,0,1,1,1,1,1,1,0,1,1,0,0,0,0
"108","R_31sWNneUfnLLMl9","3.01-3.50",15,2,2,"Female",3,"Student",10,0,1,1,0,0,1,1,1,1,1,0,1,0,1,1,0,0,0,0
"109","R_VQqdVqvuuQ07LNv","2.51-3.00",15,3,5,"Male",3,"Student",7,0,0,0,1,0,0,0,1,1,1,0,0,0,0,1,1,0,0,1
"110","R_1pGdsasWFt9qaHo","",14,3,2,"Gender variant/non-conforming",3,"Student",5,0,0,0,0,0,1,0,1,0,1,0,0,0,0,1,1,0,0,0
"111","R_1NDk7gPJpwW8pQv","",14,0,NA,"Female",2,"Student",5,1,0,1,0,0,0,0,0,0,1,0,1,0,0,1,0,0,0,0
"112","R_2PzHS6YZ2FzzDFs","",11,0,NA,"Female",1,"Student",10,1,1,1,0,1,1,0,1,0,1,0,0,0,1,1,0,0,1,0
"113","R_2eVv8zLePHs8FZa","",14,3,1,"Female",1,"Student",9,0,0,0,0,1,0,0,1,0,1,1,0,0,1,1,1,1,1,0
"114","R_2BtIPyS5atEkqWZ","",13,2,5,"Male",4,"Student",7,0,0,1,1,0,0,0,0,1,0,1,0,0,0,1,1,1,0,0
"115","R_0fuq8yyVpOK9MaZ","",13,3,2,"Male",1,"Student",14,1,0,1,1,0,1,0,0,1,1,1,1,1,1,1,1,1,1,0
"116","R_uhb93W4Owukw1gt","",13,0,2,"Female",3,"Student",7,1,0,1,0,1,1,0,1,0,0,0,1,0,0,0,0,0,0,1
"117","R_33eByOLne1yYJGP","",15,5,3,"Gender variant/non-conforming",3,"Student",6,0,0,1,0,0,0,0,0,0,1,0,0,0,1,1,1,1,0,0
"118","R_1Qcq54Xw35shu4W","",4,0,5,"Male",4,"Student",9,0,0,0,1,0,1,0,1,1,1,0,1,0,1,1,0,0,1,0
"119","R_3fZa5wka9PwcEnL","",12,1,4,"Male",3,"Student",11,1,0,1,0,0,1,0,0,0,1,1,1,1,1,1,1,1,0,0
"120","R_3nuenSpFfgJstXI","",15,0,NA,"Female",1,"Student",12,1,1,1,0,0,1,0,1,0,1,0,1,1,1,1,1,1,0,0
"121","R_d4nb0ZiTbCFHNsZ","3.51-4.00",14,4,2,"Female",1,"Student",13,0,0,0,1,1,1,0,1,0,1,1,1,0,1,1,1,1,1,1
"122","R_R4h2HmgIe3QDhJL","",12,3,3,"Female",2,"Student",5,0,0,0,0,0,0,1,0,0,1,1,0,0,1,1,0,0,0,0
"123","R_3HZWiNRKlBgvI5W","",12,3,1,"Female",1,"Student",15,0,0,0,1,1,1,0,1,1,1,1,1,1,1,1,1,1,1,1
"124","R_3n3jhe0VhBseCFJ","",16,4,2,"Female",1,"Student",11,1,1,1,0,0,1,1,0,0,1,0,1,1,1,1,0,0,0,1
"125","R_27BXDniSfIw3vEx","",13,0,NA,"Female",3,"Student",4,0,0,1,1,0,0,0,0,0,1,1,0,0,0,0,0,0,0,0
"126","R_2waUeqgbWrQeMUN","",15,3,3,"Female",3,"Student",7,0,0,0,0,0,0,0,1,1,1,0,0,0,0,1,1,1,0,1
"127","R_3Pw3gCkApnvfqtL","",16,4,4,"Male",1,"Student",10,0,0,1,1,0,0,1,0,1,1,1,0,1,0,0,1,1,0,1
"128","R_3ISJY9UvC9zFKTf","",15,2,1,"Female",1,"Student",17,1,1,1,1,1,1,1,1,1,1,1,0,0,1,1,1,1,1,1
"129","R_3PH5E3W4sJr5H3e","",11,5,2,"Male",3,"Student",7,1,0,1,0,0,0,0,0,0,1,0,1,0,0,1,1,1,0,0
"130","R_3HGfQp0kab7g6fn","",15,6,3,"Female",1,"Student",16,1,1,1,1,0,1,1,0,1,1,1,1,0,1,1,1,1,1,1
"131","R_3DtZwxNOKheKVhv","",15,4,1,"Gender variant/non-conforming",1,"Student",9,1,0,1,0,0,0,0,1,0,1,1,0,0,1,1,1,1,0,0
"132","R_aYqcuhwOmn7y8CJ","",14,2,1,"Female",3,"Student",12,0,0,1,1,0,1,0,1,0,1,1,1,0,1,1,1,1,0,1
"133","R_30eEl4qIj4BjbF8","",15,4,1,"Prefer not to say",1,"Student",11,1,0,1,0,0,1,0,1,0,1,0,1,1,1,1,0,1,0,1
"134","R_4JFFlI9eNrvT9Kx","",18,2,3,"Male",2,"Student",9,0,0,1,0,0,0,1,0,0,1,0,1,0,1,1,1,1,0,1
"135","R_x47p67bsX8a8ysh","",4,4,1,"Female",1,"Student",10,0,0,1,0,1,0,1,1,1,1,0,1,1,0,1,1,0,0,0
"136","R_ROddoxbsoB0LY6R","",13,6,2,"Male",3,"Student",10,0,0,1,0,0,1,1,1,1,0,1,1,0,1,1,0,1,0,0
"137","R_3GeoSnRVIK7lhHT","",12,5,3,"Female",3,"Student",10,1,1,1,0,0,1,0,0,0,1,1,0,0,0,1,1,1,0,1
"138","R_3DEjYzstpAgXtnj","",13,0,NA,"Female",3,"Student",9,0,0,1,0,1,1,1,0,1,1,1,0,0,0,1,0,1,0,0
"139","R_3laVbmt10O1ktTb","",14,4,3,"Gender variant/non-conforming",1,"Student",7,1,0,1,0,0,0,1,1,0,1,0,1,0,0,0,0,0,0,1
"140","R_5bXv98kChlHXEml","",13,3,1,"Female",3,"Student",11,0,0,1,0,0,1,0,1,0,1,1,1,0,0,1,1,1,1,1
"141","R_24hCzsnfbQnmOIq","",13,3,4,"Female",2,"Student",10,0,1,1,0,1,1,1,1,0,0,0,1,0,0,1,1,1,0,0
"142","R_1Kx5hPAqoUWfSJj","",12,3,1,"Male",3,"Student",2,0,0,0,0,0,0,0,0,0,0,0,0,0,0,1,1,0,0,0
"143","R_2v8OQwqoZhd1E6m","",13,0,NA,"Female",3,"Student",9,0,0,1,0,0,0,1,1,0,1,0,1,0,0,1,1,0,1,1
"144","R_110GxbbM7quOgmy","",14,4,2,"Female",3,"Student",14,1,1,1,1,1,0,0,0,1,1,0,1,1,1,1,1,0,1,1
"145","R_1jPOP0YLmiUKRer","",12,5,3,"Male",3,"Student",8,0,0,1,0,0,0,1,0,0,1,1,1,0,1,1,1,0,0,0
"146","R_2vk27A9tD2XLUxl","",12,3,3,"Male",2,"Student",7,1,0,1,0,0,0,0,0,0,1,0,1,0,1,0,1,1,0,0
"147","R_3R1oOD8QXl2lWvg","",11,2,5,"Male",2,"Student",11,0,1,1,0,0,0,0,0,1,1,0,1,1,0,1,1,1,1,1
"148","R_1gLojuKyj3TOMI7","",14,4,3,"Female",3,"Student",7,1,0,1,0,0,0,0,0,0,1,0,1,0,1,1,0,0,0,1
"149","R_1HnOoebK5qX4AUV","",13,5,3,"Male",3,"Student",11,0,1,1,0,1,0,0,0,0,1,1,1,1,1,1,1,1,0,0
"150","R_1luDuPB8FfKgTo9","",12,5,1,"Female",1,"Student",9,0,0,1,0,1,1,0,0,0,0,0,1,0,1,1,1,0,1,1
"151","R_3DkyrEVRmOazJzE","",16,3,3,"Female",3,"Student",5,1,0,1,0,0,0,0,0,0,1,0,0,0,0,1,1,0,0,0
"152","R_12g7umS44u5QLzl","",12,3,3,"Female",3,"Student",7,0,0,0,1,0,1,0,1,0,1,0,0,0,0,0,1,1,0,1
"153","R_DbAWeCi6ITg9rWN","",10,3,1,"Female",1,"Student",13,0,1,1,0,1,0,1,1,1,1,1,1,0,0,1,1,0,1,1
"154","R_3Hh1ofKywEFPBLk","",16,5,3,"Female",1,"Student",13,0,1,1,0,0,0,0,1,1,1,1,1,1,1,1,0,1,1,1
"155","R_3hi7GgGAdUcTQrC","",19,4,2,"Female",3,"Student",10,0,0,1,0,0,1,0,0,0,1,1,1,0,1,1,1,1,0,1
"156","R_2VyE97AscbnKW46","",15,5,3,"Female",3,"Student",15,1,1,1,1,1,1,1,0,0,1,1,1,0,1,1,1,1,1,0
"157","R_264uCOA2nxk8MfV","",16,0,NA,"Male",3,"Student",1,1,0,0,0,0,0,0,0,0,0,0,0,0,0,0,0,0,0,0
"158","R_DjBwxhGOJdumfmx","",16,0,NA,"Female",3,"Student",14,1,0,1,0,1,1,1,0,1,1,0,1,0,1,1,1,1,1,1
"159","R_UitxLKfV6n6sTx7","",20,3,5,"Male",1,"Student",17,1,1,1,1,1,1,1,1,1,1,1,0,1,1,1,1,1,1,0
"160","R_24bAvFMXhgV7tMM","",12,2,3,"Female",3,"Student",4,0,0,0,0,0,0,0,0,0,1,0,1,0,0,0,1,1,0,0
"161","R_24qNY7b4HZkDWil","",12,3,2,"Female",3,"Student",11,1,1,0,0,1,0,0,1,0,1,1,1,0,1,1,1,0,0,1
"162","R_3lVqDqzoYv5G2jm","",15,4,2,"Female",1,"Student",6,0,0,1,0,0,1,0,1,0,1,0,1,0,0,0,0,0,0,1
"163","R_1ob6jJYMkIqrif1","",14,4,2,"Female",1,"Student",9,0,0,1,0,0,1,0,1,0,1,0,0,0,1,1,1,1,0,1
"164","R_1g8ELtPsJqXMbqE","",10,4,3,"Female",3,"Student",11,0,0,0,0,0,1,0,1,1,1,1,1,0,1,1,1,0,1,1
"165","R_3FXSDPp0YXeUhjW","",14,4,3,"Female",2,"Student",10,0,1,0,1,1,0,0,0,0,1,1,1,0,1,1,1,0,0,1
"166","R_3eh6G44Y2zZ088a","",13,4,1,"Female",1,"Student",15,0,0,1,1,1,1,0,1,1,1,1,1,0,1,1,1,1,1,1
"167","R_1FgJMgxKlppgglo","",11,3,1,"Female",3,"Student",13,0,1,0,1,0,1,1,1,0,1,1,1,0,1,1,1,1,0,1
"168","R_ddkQjIsPo5H5ibD","",8,5,5,"Male",4,"Student",13,1,1,1,0,1,0,1,1,0,1,1,1,1,1,1,0,1,0,0
"169","R_1CfO6r9wjH3PAtF","",11,4,2,"Female",4,"Student",7,0,0,0,1,0,0,0,1,0,1,1,0,0,1,1,1,0,0,0
"170","R_2Qm7HHvo8grltDI","",9,6,3,"Female",2,"Student",9,1,0,1,0,1,0,0,0,0,1,0,1,0,1,1,1,0,0,1
"171","R_xycdHinluuDqbmx","",15,5,2,"Female",2,"Student",13,1,1,1,0,0,1,1,1,0,1,0,1,0,1,1,1,1,0,1
"172","R_2tumywpR0oeaCLx","",16,3,1,"Female",1,"Student",9,0,0,0,0,1,0,0,1,0,1,1,1,0,0,1,1,1,1,0
"173","R_2ZBomqH47qxEYvL","",16,3,1,"Female",1,"Student",15,0,0,0,1,0,1,1,1,1,1,1,1,1,1,1,1,1,1,1
"174","R_332ViFPKLyyLto1","",10,4,2,"Male",1,"Student",12,1,0,1,0,0,1,0,1,1,1,0,1,1,1,1,1,1,0,0
"175","R_3dHa0hnPewMN6RU","",14,0,NA,"Female",3,"Student",10,0,0,0,1,0,1,1,1,1,1,0,1,0,0,1,1,0,0,1
"176","R_DpKnVhvsgP7lmnL","3.51-4.00",14,3,3,"Female",1,"Student",8,0,0,0,0,1,0,0,1,0,1,1,0,0,0,1,1,1,0,1
"177","R_1E9TJdlcfpxNZvO","",16,0,NA,"Female",1,"Student",14,0,1,1,1,0,1,1,1,0,1,1,1,0,1,1,1,0,1,1
"178","R_1OBnonwRbVO6UxA","",11,3,1,"Gender variant/non-conforming",1,"Student",10,1,0,1,0,0,0,0,1,0,1,1,1,0,1,1,1,1,0,0
"179","R_2c61d2zcmus25S6","",8,0,NA,"Female",1,"Student",9,0,0,0,0,0,0,1,1,1,0,0,1,0,1,1,1,1,0,1
"180","R_s4GDCBUmh8TL8lj","",10,4,4,"Male",3,"Student",12,0,0,1,1,0,1,0,1,0,1,1,1,0,1,1,1,1,0,1
"181","R_2xwNERWUYuWARQM","",12,0,3,"Female",2,"Student",7,0,0,0,1,0,1,0,0,1,1,1,0,0,0,1,1,0,0,0
"182","R_1rNAT7xb8tEGPd8","",11,2,2,"Female",2,"Student",6,0,0,0,0,1,0,0,1,0,1,0,1,0,1,1,0,0,0,0
"183","R_6fIRHJc3YC3eStz","",19,4,1,"Female",1,"Student",10,1,0,1,0,1,0,0,1,1,1,0,1,0,0,0,1,1,0,1
"184","R_3e9TmMpcukwRfSM","",12,3,3,"Male",2,"Student",11,0,0,1,1,0,0,0,1,1,1,0,1,1,1,1,1,0,0,1
"185","R_0B1g2pJFpdVkPYt","",13,2,2,"Male",1,"Student",15,0,0,1,0,1,1,1,1,0,1,1,1,1,1,1,1,1,1,1
"186","R_1jpj8iwGFungcp1","",13,5,1,"Male",1,"Student",7,1,0,1,0,0,0,0,1,0,1,0,1,0,1,1,0,0,0,0
"187","R_1gTG9MsLUAWhKLG","",11,5,3,"Male",1,"Student",8,0,1,0,0,1,0,0,1,0,1,0,1,0,0,1,0,1,0,1
"188","R_11hesrnyEg68Xiq","",13,4,1,"Prefer not to say",3,"Student",12,1,0,1,0,1,1,0,0,0,1,1,1,0,1,1,1,1,0,1
"189","R_3niQr4I36miKteg","",13,3,2,"Female",2,"Student",10,0,0,0,0,0,1,0,1,0,1,1,1,0,1,1,1,1,0,1
"190","R_1DLRQ5jW1d9oFw4","",15,4,4,"Male",1,"Student",18,1,1,1,1,1,1,1,1,1,1,1,1,0,1,1,1,1,1,1
"191","R_1EWfPfcrueLHvzj","",14,2,3,"Male",1,"Student",13,1,0,1,0,1,1,0,0,1,1,1,0,1,0,1,1,1,1,1
"192","R_2QSsV5MzE3Zn083","",7,5,1,"Male",1,"Student",9,1,1,1,0,0,0,0,1,0,1,0,1,0,0,1,1,0,0,1
"193","R_2P5ySGVfrx9dsKG","3.51-4.00",13,4,1,"Female",3,"Student",12,0,1,0,0,1,1,0,1,0,1,1,1,1,0,1,1,1,0,1
"194","R_3nvYGLtlRxxGMb2","3.01-3.50",13,6,1,"Female",1,"Student",7,1,0,1,0,1,1,0,0,0,1,0,0,0,0,1,1,0,0,0
"195","R_28NaZi5FwUSRlL3","",14,2,1,"Female",1,"Student",10,0,0,0,0,0,1,0,1,0,1,1,1,0,1,1,1,1,1,0
"196","R_DNbtqXZE5aNpWdH","",10,6,3,"Female",3,"Student",5,0,0,0,0,0,0,0,0,0,1,1,0,0,1,1,1,0,0,0
"197","R_1eODlIbZHsfRKOS","",12,4,2,"Female",3,"Student",13,0,0,0,1,1,1,1,1,0,1,0,1,0,1,1,1,1,1,1
"198","R_1FyQkUHAOsMaS0e","",16,4,2,"Female",1,"Student",13,0,0,1,0,0,1,1,1,1,1,1,1,1,1,1,1,0,0,1
"199","R_25tqbAG12OsKG47","",15,4,3,"Female",3,"Student",13,0,1,1,0,1,1,0,1,0,1,0,1,0,1,1,1,1,1,1
"200","R_2wHLFSHeJE3YQt7","",12,4,2,"Female",3,"Student",8,1,1,1,0,0,0,0,1,0,1,0,1,0,1,0,0,0,0,1
"201","R_26a74FxrF3knYtj","",19,0,NA,"Male",1,"Student",10,1,0,0,1,1,0,1,0,1,1,1,0,1,1,0,0,0,0,1
"202","R_3GwB4tY47SKDkRQ","",16,3,3,"Male",1,"Student",6,0,0,0,0,0,0,0,0,1,1,0,1,1,0,1,1,0,0,0
"203","R_3Rl6escYTjc6XYG","",14,5,3,"Female",3,"Student",9,0,1,1,0,0,0,1,0,0,1,1,0,0,0,1,1,1,0,1
"204","R_2dWqNDXYTLA6orv","",16,4,1,"Female",1,"Student",9,0,1,1,0,0,0,1,1,0,1,1,1,0,0,1,0,0,0,1
"205","R_1ONd9OLwLMewCFd","",16,0,NA,"Female",2,"Student",8,0,1,1,0,0,1,0,1,0,0,0,0,1,0,1,1,1,0,0
"206","R_3hyc5ylcrtf9Phm","",15,5,1,"Female",1,"Student",11,0,0,1,1,0,1,0,1,0,1,0,1,0,1,1,1,1,0,1
"207","R_2VyCGz3smTgCZmo","",18,0,3,"Female",1,"Student",8,1,1,0,0,0,0,1,1,0,1,0,1,0,1,1,0,0,0,0
"208","R_3gMmZDyz2dXveYx","",12,5,1,"Male",1,"Student",16,1,1,1,1,1,1,0,1,0,1,1,1,0,1,1,1,1,1,1
"209","R_2vdlavVzLH6jrF8","",14,3,3,"Prefer not to say",3,"Student",12,0,0,1,1,0,1,0,0,1,1,1,1,1,1,1,1,1,0,0
"210","R_24NQXDtFd7F0RaE","",14,4,2,"Female",3,"Student",10,0,0,0,0,1,1,0,1,1,1,1,1,0,0,1,1,0,1,0
"211","R_6Kkpo7JHhLasuyJ","",12,4,3,"Female",2,"Student",12,0,1,1,0,0,0,1,1,1,1,0,1,0,1,1,1,1,0,1
"212","R_beCGf1oUyCPKRBT","",14,5,2,"Gender variant/non-conforming",1,"Student",14,1,1,1,0,1,1,1,1,1,1,0,1,0,1,1,1,0,0,1
"213","R_3O8o8TvY13HODaP","",16,4,2,"Male",1,"Student",15,1,0,1,1,1,1,0,0,1,1,1,1,1,1,1,1,1,1,0
"214","R_3PowZPzguf0jI1R","",12,5,3,"Male",1,"Student",14,0,1,1,1,1,1,0,1,1,1,1,1,0,0,1,1,1,1,0
"215","R_21G8NcU7rxNbi1n","",13,0,NA,"Female",1,"Student",10,1,1,1,0,0,0,0,1,0,1,1,0,0,1,1,1,0,1,0
"216","R_10DEcnzx7zxaUOE","3.51-4.00",13,4,3,"Male",2,"Student",9,0,0,0,0,0,0,0,1,0,1,1,0,1,1,1,1,1,0,1
"217","R_2VfO4lKJXGJdbXI","",10,3,3,"Female",2,"Student",6,0,0,0,0,0,0,0,1,0,1,1,1,0,1,1,0,0,0,0
"218","R_26nnQNF9j5ZBOYv","",14,3,1,"Female",3,"Student",12,0,0,1,0,1,1,0,1,0,1,1,1,0,1,1,1,1,0,1
"219","R_a44ED6gauNL8TYd","2.51-3.00",13,4,2,"Female",3,"Student",10,0,0,0,0,1,1,0,0,0,1,1,1,0,1,1,1,1,0,1
"220","R_33D8wkJfeEl90p8","2.51-3.00",13,5,3,"Female",3,"Student",10,1,1,1,0,0,0,0,0,0,1,1,1,0,1,1,1,0,0,1
"221","R_2pPKd7LaciAZzsC","3.01-3.50",8,5,1,"Gender variant/non-conforming",3,"Student",9,1,0,1,0,1,0,0,1,0,1,1,1,0,0,0,0,1,0,1
"222","R_Ua4wSjyXGzC5ObT","3.51-4.00",12,5,2,"Male",1,"Student",11,0,0,0,0,1,0,0,1,0,1,1,1,1,1,1,1,1,0,1
"223","R_1CBIGZiv5Iy8t0D","3.51-4.00",14,3,3,"Female",2,"Student",7,0,0,0,0,0,1,1,1,0,1,0,0,0,0,1,1,1,0,0
"224","R_2xVjnYrB349an2W","3.51-4.00",9,4,2,"Female",3,"Student",9,0,1,0,1,0,0,0,1,0,1,1,1,0,1,1,0,1,0,0
"225","R_1M3xjpjEanynsyV","3.51-4.00",13,6,2,"Female",1,"Student",14,1,1,1,0,1,0,1,1,1,1,0,1,0,1,1,1,1,0,1
"226","R_10oeFIzkL18daW1","3.51-4.00",14,2,3,"Female",3,"Student",6,0,0,0,0,0,1,0,1,0,1,0,0,0,0,0,1,1,0,1
"227","R_2z7r5xouBlufuZi","3.01-3.50",15,3,3,"Female",3,"Student",11,1,0,1,0,0,1,0,1,1,1,1,1,0,0,1,1,0,0,1
"228","R_3MEEj6yHQ18dTf3","3.01-3.50",12,4,4,"Female",2,"Student",9,0,0,0,0,0,0,0,1,1,1,0,1,0,1,1,1,1,1,0
"229","R_3Pq5RHF2Q5TyFvU","3.51-4.00",17,3,3,"Female",3,"Student",16,1,0,1,0,1,1,1,1,1,1,1,1,1,1,1,1,0,1,1
"230","R_RmoxpN6DPx0tm81","3.51-4.00",16,2,1,"Female",3,"Student",13,0,1,1,1,1,0,0,1,0,1,1,1,0,1,1,1,1,0,1
"231","R_2BfffU0b2Ov94sN","3.01-3.50",15,5,3,"Male",2,"Student",7,0,0,0,0,0,0,0,0,0,1,1,1,0,1,1,1,0,0,1
"232","R_2rUB1NfbIekJvKV","2.51-3.00",15,6,2,"Gender variant/non-conforming",1,"Student",5,0,1,0,0,0,0,0,1,0,1,0,0,0,0,0,0,0,1,1
"233","R_3D1EY4tDeIXFQ6s","3.01-3.50",12,4,1,"Male",1,"Student",15,0,1,1,0,1,0,1,1,1,1,1,1,1,1,1,1,0,1,1
"234","R_24JejwdzIKZpPSQ","3.01-3.50",12,4,1,"Female",1,"Student",10,1,0,1,0,1,0,0,1,0,1,1,1,0,1,1,0,1,0,0
"235","R_3kMlsiqqQmXjAIj","3.51-4.00",16,4,2,"Female",3,"Student",11,1,0,0,0,0,1,1,0,1,1,1,1,0,1,1,1,1,0,0
"236","R_s7mXFB0QDT6fwtP","3.51-4.00",12,1,2,"Female",1,"Student",13,0,0,0,0,1,1,0,1,1,1,1,1,0,1,1,1,1,1,1
"237","R_1JVXMVCRPbogVTh","3.51-4.00",17,3,1,"Female",1,"Student",11,0,0,0,0,0,1,0,1,0,1,1,1,1,1,1,1,1,1,0
"238","R_2rI7gxrG1yM7N7X","2-2.50",16,5,3,"Female",3,"Student",9,0,0,0,1,0,1,0,1,0,1,1,1,0,0,1,0,1,0,1
"239","R_2D7d9uTb5dWjkPH","3.51-4.00",13,6,2,"Female",3,"Student",6,0,0,0,0,0,0,0,0,0,1,1,1,0,1,1,0,1,0,0
"240","R_3rU3QCm6XIuQ66z","3.51-4.00",13,6,3,"Prefer not to say",1,"Student",9,1,0,1,0,0,1,0,0,0,1,1,0,0,1,1,1,0,0,1
"241","R_A4HwUShRq3Sp4lz","3.01-3.50",13,0,5,"Male",3,"Student",13,1,1,1,1,0,0,0,1,0,1,1,1,0,1,1,1,1,1,0
"242","R_3EiEMO3kCf7FMCo","3.51-4.00",16,4,1,"Female",1,"Student",12,0,0,1,0,1,1,0,1,0,1,1,0,0,1,1,1,1,1,1
"243","R_2CvbdRU5PiAwy9o","3.51-4.00",13,4,3,"Female",3,"Student",12,1,0,1,0,1,0,1,0,1,1,0,1,1,1,1,1,0,1,0
"244","R_1goToDKe3zgptOE","3.01-3.50",14,3,3,"Male",1,"Student",5,0,0,1,0,0,0,0,1,0,1,1,1,0,0,0,0,0,0,0
"245","R_6DNQDkZcI4yPHs5","3.51-4.00",13,3,5,"Female",3,"Student",5,0,0,0,0,0,0,0,1,1,1,0,1,0,0,0,0,0,0,1
"246","R_1jHUlDw5T5CXGKX","3.51-4.00",12,3,4,"Male",2,"Student",5,0,0,1,0,0,0,0,0,0,1,1,1,0,0,0,1,0,0,0
"247","R_DJhMt4X4nF6gTxD","3.01-3.50",16,3,2,"Male",1,"Student",9,0,0,0,0,0,1,1,0,1,1,1,1,0,0,1,1,0,1,0
"248","R_3MhfCLop15VJj5H","3.51-4.00",8,4,2,"Male",1,"Student",12,0,1,1,0,0,0,0,1,1,1,1,1,1,1,1,0,1,0,1
"249","R_1M6PcyknzgbrGJS","3.51-4.00",15,4,1,"Female",1,"Student",12,0,1,1,0,1,1,0,1,1,1,1,0,0,1,1,1,1,0,0
"250","R_1OqsaqfMzkFOqj6","2.51-3.00",15,0,2,"Female",1,"Student",6,0,1,0,0,0,0,0,1,0,0,1,1,0,0,1,1,0,0,0
"251","R_1NCewpVIU26Y8jA","3.01-3.50",14,3,3,"Female",3,"Student",8,0,0,0,0,1,0,0,0,0,1,1,0,0,1,1,1,1,0,1
"252","R_1joXkkkdkPkduLa","3.51-4.00",13,5,2,"Female",2,"Student",8,1,1,1,0,0,0,0,0,1,1,0,0,0,1,1,0,0,0,1
"253","R_1FOO1B5ZRRtqGT4","3.01-3.50",13,2,2,"Female",1,"Student",12,0,0,0,1,1,1,1,1,0,1,0,1,0,1,1,1,1,0,1
"254","R_6hercT7ebK9qNsR","3.01-3.50",17,4,2,"Female",1,"Student",13,0,0,0,1,0,1,1,1,1,1,0,1,1,1,1,1,1,0,1
"255","R_28JbgslY9YlQ0PP","3.51-4.00",12,6,1,"Gender variant/non-conforming",1,"Student",14,1,1,1,0,1,1,0,1,1,1,0,1,0,0,1,1,1,1,1
"256","R_3pmrLoHYWnlUO2T","3.51-4.00",16,0,NA,"Female",1,"Student",14,0,1,0,0,0,1,1,1,1,1,1,1,1,1,1,1,1,0,1
"257","R_1JEhxDTiDcCo2QP","3.51-4.00",15,3,3,"Female",2,"Student",6,1,0,1,0,0,0,0,0,0,1,0,1,0,1,1,0,0,0,0
"258","R_xsDKYKptlvaYTct","3.51-4.00",15,5,3,"Male",3,"Student",13,0,1,1,0,0,1,1,0,1,1,0,1,1,1,1,1,1,0,1
"259","R_3fZ64jbb2ZiMKcr","3.51-4.00",13,3,2,"Female",1,"Student",12,0,0,1,0,1,1,0,1,0,1,1,1,0,1,1,1,0,1,1
"260","R_1n0c9PeCIBLJavF","3.01-3.50",13,4,3,"Male",1,"Student",5,1,0,1,0,0,0,0,0,0,1,0,1,0,0,0,0,0,0,1
"261","R_2sYopyJ7cEOYloW","3.51-4.00",12,3,1,"Female",3,"Student",11,1,1,1,0,0,1,0,1,0,1,0,1,0,0,1,0,1,1,1
"262","R_22KcvIJ2gCeYxhY","3.51-4.00",12,4,2,"Female",3,"Student",11,0,1,1,0,0,1,0,1,0,1,1,1,0,1,1,1,1,0,0
"263","R_uypZt1ecVKIOhax","3.51-4.00",13,4,5,"Female",3,"Student",11,0,1,0,0,1,1,0,1,0,1,0,1,0,1,1,1,1,0,1
"264","R_AusatIR5aTCPWjn","3.51-4.00",18,5,3,"Male",1,"Student",1,0,0,1,0,0,0,0,0,0,0,0,0,0,0,0,0,0,0,0
"265","R_1Ig8nAT9FbvRzcI","3.01-3.50",19,4,2,"Male",3,"Student",1,0,0,0,0,0,0,0,1,0,0,0,0,0,0,0,0,0,0,0
"266","R_6l3VovxZlEjJbIB","2.51-3.00",20,3,3,"Female",1,"Student",8,0,0,0,0,0,0,0,1,0,1,1,1,1,0,1,0,1,1,0
"267","R_2v1D8aXzqVYJkc9","2-2.50",12,0,2,"Female",4,"Student",13,1,1,1,0,1,1,1,1,1,1,1,0,0,1,1,0,0,0,1
"268","R_2aVl88DGUxrYY7M","3.51-4.00",18,4,2,"Female",1,"Student",13,1,0,1,0,1,0,1,1,0,1,1,1,0,1,1,1,1,0,1
"269","R_1jvrrbIczQg8SlV","3.51-4.00",10,4,4,"Male",2,"Student",9,0,0,1,1,0,0,0,0,0,1,1,1,0,1,1,1,0,0,1
"270","R_1kYtZK1X7CG758G","",12,5,3,"Male",2,"Student",3,0,0,1,0,0,0,0,0,0,1,0,0,0,0,1,0,0,0,0
"271","R_1dnpUFzVgnaT16u","",12,4,3,"Female",4,"Student",8,0,0,1,0,0,1,0,1,1,1,1,0,0,0,0,1,1,0,0
"272","R_eVD08hf2MtDkOY1","3.01-3.50",15,3,3,"Female",3,"Student",5,0,0,0,0,0,0,0,1,0,1,1,1,0,0,0,0,1,0,0
"273","R_1IoNuEeyDK4i6qj","3.51-4.00",13,5,3,"Male",3,"Student",9,1,0,0,1,1,0,0,0,0,1,1,0,0,1,1,1,1,0,0
"274","R_1MQmz0NGhNOsedu","2.51-3.00",14,0,3,"Female",3,"Student",8,0,1,1,0,0,0,0,1,1,1,0,1,0,0,0,1,0,0,1
"275","R_27qZEBwRw1LWf9j","3.01-3.50",12,3,3,"Male",3,"Student",4,1,0,1,0,0,1,0,0,0,1,0,0,0,0,0,0,0,0,0
"276","R_25u2rFszRT47u7t","3.51-4.00",15,3,3,"Female",3,"Student",6,0,0,0,0,0,0,0,0,0,1,1,1,0,1,1,1,0,0,0
"277","R_214HpOrZJFLA0Zi","3.51-4.00",12,5,4,"Female",2,"Student",13,0,1,1,0,0,0,1,1,1,1,1,1,0,1,1,1,1,0,1
"278","R_2xKnuwXfupd6s6K","3.51-4.00",13,5,3,"Female",1,"Student",13,0,0,1,1,1,1,0,1,0,1,1,1,0,1,1,1,1,1,0
"279","R_e55Bg9eNsW2fJwB","2.51-3.00",14,0,2,"Female",3,"Student",6,1,0,0,0,0,0,1,1,0,1,0,0,0,1,1,0,0,0,0
"280","R_3k7xTr6YLMAZBcD","3.51-4.00",12,0,1,"Female",3,"Student",16,1,1,1,1,1,1,1,1,0,1,1,0,1,1,1,1,0,1,1
"281","R_2U40syeUxDAsjW6","3.51-4.00",18,4,1,"Female",1,"Student",10,1,1,0,0,1,0,1,1,0,0,1,1,0,0,1,1,0,1,0
"282","R_3D89O8xngDzRxHG","3.01-3.50",10,4,2,"Female",1,"Student",13,0,1,0,0,1,1,1,1,0,1,1,1,0,1,1,1,1,1,0
"283","R_2dzkUGVKBt4J2f5","",11,6,2,"Female",3,"Student",8,0,0,1,0,0,1,0,0,1,1,1,0,1,0,1,0,0,0,1
"284","R_3QPD8qvkA4b5Lx2","3.51-4.00",14,4,4,"Female",3,"Student",11,0,0,0,0,0,1,0,0,1,1,1,1,0,1,1,1,1,1,1
"285","R_3D12INQAAiaISLT","3.51-4.00",15,4,1,"Female",3,"Student",13,1,1,0,0,1,1,0,1,0,1,0,1,1,1,1,1,1,0,1
"286","R_2DOjVTOj1tVBmHe","3.01-3.50",18,2,3,"Female",1,"Student",12,1,1,1,0,0,1,1,1,1,1,1,1,0,0,1,1,0,0,0
"287","R_1NwyqSdrKTHEkq3","3.51-4.00",11,3,1,"Female",1,"Student",15,0,1,1,1,1,0,1,1,1,1,1,1,1,0,0,1,1,1,1
"288","R_OeYJKiqRh1mkxLX","3.51-4.00",11,3,2,"Female",3,"Student",7,0,0,0,0,1,0,0,1,0,0,0,1,0,1,1,0,1,0,1
"289","R_29gFhlZNWGPaXQA","",16,2,1,"Female",1,"Student",2,1,0,0,0,0,0,0,0,0,0,0,0,0,0,1,0,0,0,0
"290","R_sdNfGylGJ4mMlDr","3.01-3.50",15,3,3,"Female",3,"Student",12,1,1,1,1,0,0,0,0,0,1,1,0,1,0,1,1,1,1,1
"291","R_2VsSAnQfwS6PLR4","3.51-4.00",12,3,3,"Female",2,"Student",10,0,0,0,1,1,0,0,0,1,1,1,0,1,0,1,1,0,1,1
"292","R_3KYNyElVshiUXIB","2.51-3.00",15,5,2,"Male",1,"Student",7,0,1,1,0,0,0,0,1,0,1,0,0,0,1,1,1,0,0,0
"293","R_3iUPlUDDq0JS5xu","3.51-4.00",17,4,1,"Male",3,"Student",10,0,0,0,0,0,0,1,1,0,1,1,0,1,1,1,1,0,1,1
"294","R_Y6y4CLrHQzIvMwp","2.51-3.00",13,3,2,"Male",2,"Student",7,1,0,1,0,0,0,0,0,0,1,0,1,0,0,1,1,0,0,1
"295","R_1Kw2y31NHZ6Nq6S","3.51-4.00",15,5,1,"Female",3,"Student",9,1,1,1,0,0,0,0,0,1,1,0,1,1,0,0,1,0,0,1
"296","R_3G95s6e7f8CM4oe","3.51-4.00",11,5,1,"Female",3,"Student",6,0,0,0,0,0,0,0,1,0,0,0,0,1,1,1,1,0,0,1
"297","R_9mNML0v2aYXLj8d","3.51-4.00",12,3,3,"Female",1,"Student",11,1,0,1,0,1,1,0,0,0,1,0,1,0,1,1,1,1,0,1
"298","R_qPgCGXJhBt7RFVD","3.01-3.50",14,2,3,"Male",4,"Student",8,0,0,1,0,0,0,0,1,0,1,0,1,1,0,1,1,1,0,0
"299","R_8qpLdfMKz31HMvD","3.01-3.50",14,3,3,"Female",3,"Student",17,1,1,1,1,1,1,1,0,1,1,1,1,1,0,1,1,1,1,1
"300","R_25Xb3WcdfxOZ801","3.51-4.00",15,5,1,"Female",1,"Student",13,0,0,0,1,1,1,0,1,0,1,1,1,1,1,1,1,1,0,1
"301","R_spb49XtUfNwoIRr","3.01-3.50",15,3,2,"Male",3,"Student",1,0,0,0,0,0,0,0,1,0,0,0,0,0,0,0,0,0,0,0
"302","R_2bJIOEIYPQssJh3","3.51-4.00",13,4,3,"Female",2,"Student",6,0,1,0,0,0,0,0,1,0,1,1,0,0,0,1,0,0,0,1
"303","R_1YUf3YhYsjcXD9L","3.51-4.00",12,1,3,"Female",1,"Student",12,0,0,1,0,1,1,0,1,1,1,1,1,0,0,1,1,1,0,1
"304","R_RDNrhtiv9H9gLhT","3.51-4.00",11,5,3,"Female",1,"Student",14,0,0,1,1,1,0,0,1,1,1,1,1,0,1,1,1,1,1,1
"305","R_1eV6r47vnzcgk61","3.51-4.00",12,3,3,"Female",2,"Student",11,0,0,0,1,1,1,0,0,0,1,1,1,0,1,1,1,1,1,0
"306","R_vif2YveHmXjftUB","3.51-4.00",16,3,3,"Female",3,"Student",9,0,0,0,0,1,0,1,1,0,1,1,1,0,0,1,1,0,0,1
"307","R_2pYNeD6Qlf1o2bU","3.51-4.00",15,3,3,"Female",1,"Student",13,1,0,0,1,1,1,0,0,0,1,1,1,0,1,1,1,1,1,1
"308","R_3JC7pAF8YXrJJ2n","3.51-4.00",12,5,3,"Female",3,"Student",11,0,0,0,1,1,1,0,1,1,1,1,0,0,1,1,1,0,1,0
"309","R_3po7Bu3f1pfmd62","3.01-3.50",15,4,2,"Female",NA,"Student",3,1,0,0,0,0,0,1,0,0,0,0,0,0,1,0,0,0,0,0
"310","R_xa8SbXHXU312aGd","3.51-4.00",10,0,5,"Female",4,"Student",14,0,1,0,1,0,1,1,1,1,1,1,0,0,1,1,1,1,1,1
"311","R_3hhWCOctytnyuBy","3.01-3.50",15,4,3,"Female",3,"Student",7,0,0,0,0,1,1,0,1,0,1,0,0,1,0,0,1,0,0,1
"312","R_3HoIyCjYhi44Luf","3.51-4.00",13,4,4,"Female",2,"Student",12,0,0,1,0,0,1,0,1,1,1,1,1,1,1,1,1,1,0,0
"313","R_2DZfttPM2TfL81R","2-2.50",18,5,2,"Female",2,"Student",11,1,0,1,0,0,0,1,0,0,1,1,1,1,0,0,1,1,1,1
"314","R_BPKyKFW4CKDp30d","2.51-3.00",18,4,3,"Female",3,"Student",6,1,0,0,0,0,0,0,0,1,1,1,1,0,0,0,0,0,1,0
"315","R_1lgWmACwF0IdYAF","3.01-3.50",14,2,2,"Female",2,"Student",6,0,1,1,0,0,0,1,0,1,0,0,0,0,0,1,0,1,0,0
"316","R_24iUojmwp3wqDkD","3.51-4.00",17,3,2,"Female",3,"Student",4,1,0,0,0,0,0,0,0,1,1,0,1,0,0,0,0,0,0,0
"317","R_3QQWdI9hnj3TrUK","3.51-4.00",15,0,NA,"Female",1,"Student",16,1,1,1,1,1,1,0,1,0,1,1,1,1,1,1,1,0,1,1
"318","R_8vwWRCmYziG1W25","3.01-3.50",14,1,3,"Female",3,"Student",12,0,1,0,1,0,1,0,1,1,1,1,0,0,1,1,1,1,0,1
"319","R_ZlzbtTwXWM3xNzr","2.51-3.00",13,5,2,"Female",1,"Student",15,0,1,1,0,1,1,0,1,1,1,1,1,0,1,1,1,1,1,1
"320","R_2qEO9JQQDopn7L0","3.51-4.00",15,5,2,"Female",1,"Student",11,1,1,1,0,0,0,0,0,1,1,0,1,0,1,1,1,1,0,1
"321","R_1Hc6hivLTHT3cVa","3.01-3.50",12,5,1,"Female",1,"Student",13,1,0,1,0,1,1,1,1,1,1,0,1,0,1,1,1,0,1,0
"322","R_1YOwmGzTreeh6mZ","3.01-3.50",10,4,2,"Prefer not to say",1,"Student",5,1,1,1,0,0,0,0,0,0,1,0,0,0,1,0,0,0,0,0
"323","R_2XjL05TgcKszITQ","3.01-3.50",12,3,5,"Male",2,"Student",1,0,0,1,0,0,0,0,0,0,0,0,0,0,0,0,0,0,0,0
"324","R_1jSUmXLdW5soQu5","3.01-3.50",14,2,2,"Female",3,"Student",6,0,0,0,0,0,1,0,0,0,1,0,1,0,0,1,1,0,0,1
"325","R_yUvx54Y5mPqQ4IF","3.01-3.50",15,3,3,"Female",3,"Student",15,0,1,1,0,1,1,1,1,1,1,1,1,1,1,1,1,1,0,0
"326","R_Qp1UKuPJW59095T","3.51-4.00",11,5,2,"Gender variant/non-conforming",1,"Student",13,1,1,1,0,0,1,0,0,0,1,1,1,0,1,1,1,1,1,1
"327","R_30f37X0RFmkUotn","3.01-3.50",20,4,3,"Female",1,"Student",7,1,1,1,1,1,1,0,0,0,0,0,0,0,0,1,0,0,0,0
"328","R_XhY8upzmgATHM8V","3.51-4.00",15,5,1,"Female",1,"Student",15,0,0,0,1,1,1,1,1,1,1,1,1,0,1,1,1,1,1,1
"329","R_CfXVI4cDnnbiMlH","3.51-4.00",13,5,1,"Male",1,"Student",11,0,0,1,0,1,0,1,1,0,1,1,0,0,1,1,1,1,1,0
"330","R_3DpWXw7XBhbrdiL","3.51-4.00",11,6,3,"Gender variant/non-conforming",1,"Student",16,0,1,1,1,1,1,1,1,1,1,0,1,0,1,1,1,1,1,1
"331","R_2wb2uB2ThNCF1jb","3.51-4.00",12,3,4,"Male",3,"Student",10,1,0,1,0,0,0,1,1,0,1,0,0,1,1,1,1,0,0,1
"332","R_yt31IL8N3N7R7ix","3.01-3.50",14,5,1,"Gender variant/non-conforming",1,"Student",10,0,0,1,0,0,0,1,1,0,1,0,1,0,1,1,1,1,0,1
"333","R_1mKSyIo622LeUeq","3.51-4.00",14,5,1,"Female",1,"Student",11,0,0,1,0,1,1,0,1,1,1,0,1,0,1,1,1,0,0,1
"334","R_2uxLo3R8IQC4Xxy","3.51-4.00",12,5,3,"Male",3,"Student",8,0,0,0,1,0,0,0,1,0,1,0,1,0,1,1,1,0,0,1
"335","R_1rkaCn2SLVUJlEN","3.51-4.00",14,4,2,"Female",1,"Student",14,1,1,1,1,1,1,1,1,1,1,1,1,0,1,0,1,0,0,0
"336","R_W8aixJDK6OgKI01","3.51-4.00",15,5,1,"Male",1,"Student",9,0,1,1,0,1,0,0,1,0,1,1,0,1,0,0,0,0,1,1
"337","R_1jfvWAUTGw1pOXE","3.01-3.50",16,4,2,"Male",1,"Student",5,1,0,1,0,0,0,0,0,1,1,1,0,0,0,0,0,0,0,0
"338","R_1IEqF5lf6m4CKmd","3.51-4.00",15,4,3,"Female",3,"Student",9,0,0,0,0,0,1,0,1,1,1,1,1,0,0,0,1,1,0,1
"339","R_1oA1IIumXkMBlAI","3.51-4.00",12,3,5,"Female",2,"Student",8,0,0,0,1,0,0,0,1,0,1,1,1,0,1,1,1,0,0,0
"340","R_6eWVD4aEQ1ifm2B","3.51-4.00",14,3,1,"Male",3,"Student",5,0,1,0,1,1,0,0,0,0,0,1,0,0,0,0,0,1,0,0
"341","R_6EDIAfp2PLiaZMZ","2.51-3.00",12,4,2,"Male",3,"Student",13,1,1,1,1,1,1,0,0,0,1,1,1,0,0,1,1,0,1,1
"342","R_3Ja2GoEm83VJOHs","3.01-3.50",18,3,3,"Male",3,"Student",8,1,0,1,0,0,0,1,0,0,1,1,0,0,1,0,0,1,1,0
"343","R_3haooZhojGLCmxt","3.01-3.50",17,4,1,"Female",1,"Student",9,0,0,1,0,0,1,1,0,0,0,0,1,0,1,1,1,1,1,0
"344","R_3hcqmf5J4sOnuBv","3.01-3.50",13,3,2,"Female",3,"Student",4,1,0,1,0,0,0,1,0,0,0,0,0,0,0,0,0,0,1,0
"345","R_2w4wQzodBHnarTq","3.01-3.50",19,3,3,"Female",1,"Student",9,1,0,1,0,0,1,1,1,1,1,1,1,0,0,0,0,0,0,0
"346","R_1llw7jlAeXf1uhK","3.01-3.50",10,1,2,"Male",1,"Student",9,0,0,0,0,1,1,1,0,1,1,0,0,1,1,0,1,0,0,1
"347","R_DhF3HFaUsk9jH1v","2.51-3.00",19,3,1,"Female",1,"Student",2,1,0,0,1,0,0,0,0,0,0,0,0,0,0,0,0,0,0,0
"348","R_SOXN7Oi0nYnpH7X","2.51-3.00",19,3,1,"Female",1,"Student",3,0,0,1,0,1,0,1,0,0,0,0,0,0,0,0,0,0,0,0
"349","R_25TV9poTvTHe48Y","2.51-3.00",16,3,2,"Male",3,"Student",2,1,0,1,0,0,0,0,0,0,0,0,0,0,0,0,0,0,0,0
"350","R_spRHYrydVyFQek1","3.01-3.50",15,1,3,"Female",2,"Student",2,0,0,1,0,0,0,1,0,0,0,0,0,0,0,0,0,0,0,0
"351","R_2wsMgAtXzQXx5bO","2.51-3.00",15,5,1,"Male",1,"Student",10,1,0,1,0,1,0,0,0,0,1,1,1,1,0,1,0,1,1,0
"352","R_x3Oyhdwr8BgI0Fj","3.51-4.00",15,5,1,"Female",1,"Student",15,0,1,1,1,1,1,0,1,1,1,0,1,0,1,1,1,1,1,1
"353","R_2919leJaoHsrqlW","3.01-3.50",12,1,3,"Male",3,"Student",4,0,0,1,0,0,1,0,0,0,0,0,0,1,0,0,1,0,0,0
"354","R_3fI60oVDToRtuWk","2.51-3.00",16,0,NA,"Female",1,"Student",8,1,1,1,0,1,0,1,0,0,1,0,0,0,0,1,0,0,0,1
"355","R_pv0ZWozs9wstVzb","2.51-3.00",19,4,1,"Female",1,"Student",4,1,0,1,0,1,0,1,0,0,0,0,0,0,0,0,0,0,0,0
"356","R_2t3QI1jqwGXZcxm","3.51-4.00",12,0,3,"Female",3,"Student",4,0,0,1,0,1,0,0,0,0,1,0,0,0,0,0,0,0,1,0
"357","R_3HwqCPPHDWA1YIl","3.01-3.50",14,4,3,"Male",1,"Student",10,1,0,1,0,0,0,1,0,1,1,1,1,0,0,0,1,1,0,1
"358","R_3HT8zD3kksZKEwo","3.01-3.50",13,3,1,"Female",1,"Student",8,0,0,0,0,1,0,0,1,0,1,1,0,1,1,1,0,0,0,1
"359","R_1H5HYqYC8IDfXLT","3.51-4.00",13,3,2,"Female",2,"Student",9,1,0,0,0,0,0,1,1,1,1,1,1,0,0,1,0,1,0,0
"360","R_1Q4USA6Z5pEWsGX","3.01-3.50",15,4,1,"Gender variant/non-conforming",1,"Student",6,0,0,1,0,0,0,0,1,0,1,0,1,0,1,1,0,0,0,0
"361","R_1gCGhvBJG63ZTMP","Below 2.00",13,2,2,"Gender variant/non-conforming",3,"Student",8,1,0,1,0,0,0,0,0,0,1,1,0,0,1,1,1,1,0,0
"362","R_ZrtmzI4f3Wvk4xz","3.01-3.50",15,4,2,"Female",3,"Student",9,0,1,1,0,0,0,0,0,0,1,0,1,0,1,1,1,1,0,1
"363","R_2YYcmEzXpCoBqLd","3.01-3.50",12,2,3,"Male",2,"Student",7,1,1,1,0,0,0,0,0,0,0,0,1,0,0,1,0,1,0,1
"364","R_2WHnqETcBUcQGu4","3.51-4.00",12,3,2,"Female",3,"Student",8,0,1,1,0,0,0,1,1,1,0,0,1,0,0,1,0,0,0,1
"365","R_3g6pFUcjknuN7jK","2.51-3.00",13,3,3,"Female",2,"Student",5,1,0,0,0,0,0,0,0,0,1,1,1,0,0,0,0,1,0,0
"366","R_1OZEd41LJ6ivVYU","2.51-3.00",16,3,2,"Female",3,"Student",10,1,1,1,0,0,0,0,1,1,1,0,1,0,0,1,0,1,0,1
"367","R_yVETlz3JAlDWcfL","3.51-4.00",14,1,1,"Female",1,"Student",12,0,0,0,1,0,1,0,0,1,1,1,1,1,1,1,1,1,1,0
"368","R_1IuP05rv8KqTeR5","3.01-3.50",16,4,3,"Male",3,"Student",6,0,0,1,0,0,0,0,1,0,1,1,1,0,0,1,0,0,0,0
"369","R_1dAWUhm9PyDty8T","3.51-4.00",13,5,2,"Female",1,"Student",13,0,1,1,0,0,1,0,1,0,1,1,1,1,1,1,1,1,1,0
"370","R_3n3lhwA4qGdRcYf","2.51-3.00",15,5,2,"Male",1,"Student",7,0,1,1,0,0,0,0,1,0,1,1,0,0,1,1,0,0,0,0
"371","R_1EY8pyjcXq1FAQh","3.01-3.50",17,3,3,"Female",3,"Student",9,0,0,0,0,0,1,1,0,1,1,1,1,0,1,1,0,0,0,1
"372","R_2aS4FeOsoPMaQJF","",13,4,1,"Female",1,"Student",12,1,1,1,0,0,1,0,1,0,1,1,0,0,1,1,1,1,0,1
"373","R_sYDpr0sJgo10bfz","3.01-3.50",12,3,4,"Female",2,"Student",7,0,0,1,0,1,0,0,0,0,0,0,1,0,0,1,1,1,1,0
"374","R_3CZuF4rVMp87Rrx","3.01-3.50",20,3,3,"Male",3,"Student",1,0,0,1,0,0,0,0,0,0,0,0,0,0,0,0,0,0,0,0
"375","R_Z4uOXoqL3uA833X","3.01-3.50",12,2,3,"Female",2,"Student",11,0,0,1,0,0,1,1,1,0,1,1,1,0,1,1,1,1,0,0
"376","R_1ikxNT9oghMGIfj","3.51-4.00",12,4,2,"Female",1,"Student",16,1,0,1,1,1,1,0,1,1,1,1,1,0,1,1,1,1,1,1
"377","R_2TsYXJtwcFmQijF","3.51-4.00",13,3,1,"Female",3,"Student",10,1,0,1,0,0,0,0,1,0,1,0,1,0,1,1,1,1,0,1
"378","R_2CUOsuTIfQfRGP0","3.01-3.50",13,0,NA,"Female",2,"Student",7,1,0,1,0,0,0,0,0,0,1,1,1,0,0,1,1,0,0,0
"379","R_1F4UPa02FAUbEeG","3.51-4.00",18,0,NA,"Female",1,"Student",10,0,0,0,1,1,1,0,0,0,1,1,0,0,1,1,1,1,0,1
"380","R_1mtlTIKqrqX69Eh","Below 2.00",11,5,4,"Male",3,"Student",2,0,0,1,0,0,0,0,0,0,0,0,0,0,0,0,0,1,0,0
"381","R_3phgZyM3QJatlnZ","",13,3,3,"Male",3,"Student",13,1,0,1,0,0,1,1,1,1,1,1,1,0,1,1,1,1,0,0
"382","R_1LYGSn2OFYY4yKr","3.51-4.00",13,3,3,"Male",2,"Student",4,0,0,0,0,0,0,0,0,0,1,0,1,0,0,0,1,0,0,1
"383","R_1JURrQdKXaxgGUg","2-2.50",14,3,1,"Gender variant/non-conforming",1,"Student",11,0,1,0,0,1,1,0,1,0,1,0,1,0,1,1,1,1,0,1
"384","R_26nJkXiwYg8ZuZn","3.01-3.50",16,5,3,"Female",1,"Student",13,0,1,1,0,0,0,0,1,1,1,1,1,0,1,1,1,1,1,1
"385","R_3w8cQlmvBG2CWK5","3.51-4.00",14,5,1,"Male",1,"Student",14,0,1,1,0,0,0,1,1,1,1,1,1,0,1,1,1,1,1,1
"386","R_3KAwJ4MSz2hr7gV","3.51-4.00",0,0,NA,"Female",1,"Student",1,1,0,0,0,0,0,0,0,0,0,0,0,0,0,0,0,0,0,0
"387","R_1BX9REzy8VrjclP","3.01-3.50",15,4,2,"Female",1,"Student",9,0,1,0,0,0,0,0,1,0,1,1,1,0,1,1,1,0,0,1
"388","R_1lgV6qfpeqA7TbQ","3.51-4.00",12,4,2,"Female",3,"Student",13,1,1,1,0,1,0,0,1,0,1,1,1,0,1,1,1,1,0,1
"389","R_1IQn209tC9XkiUR","3.01-3.50",13,3,4,"Male",1,"Student",14,0,0,0,0,0,1,1,1,1,1,1,1,1,1,1,1,1,1,1
"390","R_2v8HHoUu3xd3EA3","3.01-3.50",15,0,NA,"Female",3,"Student",8,0,0,0,0,0,1,0,1,0,1,1,0,0,0,1,1,1,0,1
"391","R_Tw0lE2vamuJIlJn","3.51-4.00",15,4,2,"Gender variant/non-conforming",3,"Student",11,1,0,1,0,1,1,0,1,0,1,1,0,0,1,1,0,1,0,1
"392","R_3rVy42kqJ811AZK","3.01-3.50",13,4,1,"Not listed",1,"Student",10,1,1,0,0,0,0,0,1,1,1,0,0,0,1,1,1,1,0,1
"393","R_116iIz3QqQTLad2","3.51-4.00",16,0,NA,"Female",3,"Student",13,0,1,0,0,0,1,0,1,0,1,1,1,1,1,1,1,1,1,1
"394","R_1Lv4GNICGILN8Zr","3.51-4.00",14,3,2,"Female",1,"Student",16,0,1,1,1,1,1,1,1,0,1,1,1,0,1,1,1,1,1,1
"395","R_2ysx0yz5Hw4TteY","3.01-3.50",12,3,3,"Male",2,"Student",9,1,0,0,0,1,0,0,0,0,1,1,1,1,1,1,0,0,0,1
"396","R_x3mjXwOveHaCJnH","3.51-4.00",13,3,2,"Female",3,"Student",13,1,1,1,0,0,1,1,1,0,1,0,1,0,1,1,1,1,0,1
"397","R_1jPyY2e06O5M24U","3.51-4.00",11,4,3,"Female",1,"Student",12,0,0,1,1,0,1,0,0,1,1,1,1,0,0,1,1,1,1,1
"398","R_1GwzuwMyLg4oFaO","2.51-3.00",12,1,3,"Female",3,"Student",8,1,1,1,0,0,0,0,0,0,1,0,1,0,0,1,0,1,0,1
"399","R_2D7HYZdFGxsImnK","2.51-3.00",10,0,2,"Gender variant/non-conforming",3,"Student",12,0,0,1,1,0,1,0,1,0,1,1,0,1,0,1,1,1,1,1
"400","R_2cCr4YwUaKBt68E","3.51-4.00",16,3,4,"Male",3,"Student",4,0,0,0,0,0,0,0,1,0,1,0,1,0,1,0,0,0,0,0
"401","R_2D2iJPTEhS40JGQ","3.51-4.00",11,4,2,"Male",3,"Student",6,0,0,1,0,0,0,0,0,0,1,1,0,0,0,1,1,0,1,0
"402","R_2V220BYfisTjqsa","3.51-4.00",14,4,2,"Male",3,"Student",11,1,0,1,0,0,1,0,0,1,1,0,0,1,1,1,1,1,0,1
"403","R_vPTnUvrPac7hDHj","3.51-4.00",12,6,2,"Male",1,"Student",4,1,1,0,0,0,1,0,1,0,0,0,0,0,0,0,0,0,0,0
"404","R_2V1M5HfgscA45jz","3.01-3.50",14,4,3,"Female",3,"Student",13,0,0,1,1,0,0,0,1,0,1,1,1,1,1,1,1,1,1,1
"405","R_yQHFsLI6F5gux5n","3.51-4.00",14,0,NA,"Female",1,"Student",14,0,0,0,1,1,1,0,1,1,1,1,1,0,1,1,1,1,1,1
"406","R_1qb2fVFcPUcc8tr","3.51-4.00",12,4,2,"Female",1,"Student",13,1,1,1,0,1,0,1,1,1,1,0,1,0,1,1,0,1,0,1
"407","R_1fZPbsSPkwXOnsV","3.51-4.00",13,4,3,"Female",3,"Student",5,1,1,1,0,0,0,0,0,0,1,0,0,0,0,0,0,1,0,0
"408","R_20U0wIpBdHwYtbC","3.01-3.50",15,2,4,"Female",2,"Student",6,1,1,0,0,0,1,0,0,0,1,0,1,0,0,0,1,0,0,0
"409","R_3fZauIw2VTSpk5s","3.01-3.50",9,0,NA,"Male",4,"Student",4,0,0,0,0,0,0,0,1,0,1,0,1,0,0,1,0,0,0,0
"410","R_3h6F3O1Pafsl1EG","3.01-3.50",13,4,2,"Female",1,"Student",14,1,0,1,1,0,1,0,1,1,1,1,1,1,1,1,1,1,0,0
"411","R_1mk4B6oHjLQjR7l","3.01-3.50",14,4,1,"Female",3,"Student",15,0,0,1,1,1,1,0,1,0,1,1,1,1,1,1,1,1,1,1
"412","R_AEQzPwXq8U4lO4F","2.51-3.00",16,3,1,"Female",1,"Student",8,0,0,1,1,0,0,0,0,1,1,1,0,0,0,1,1,0,0,1
"413","R_3GvVbvweCHQgOu1","3.01-3.50",12,0,NA,"Male",2,"Student",7,0,1,0,0,0,1,0,0,0,1,0,0,0,1,1,0,1,0,1
"414","R_eLPbCWAucsQdEzf","2-2.50",14,4,5,"Female",2,"Student",4,1,0,0,0,1,0,0,0,0,1,0,0,1,0,0,0,0,0,0
"415","R_es2oMm68gANg65z","",14,5,2,"Female",2,"Student",5,0,0,1,0,0,0,0,1,0,1,0,0,0,0,1,0,1,0,0
"416","R_1KmdSUjn3xy225Z","3.01-3.50",14,5,1,"Female",1,"Student",10,0,0,0,1,0,1,0,1,0,1,0,1,1,0,1,1,0,1,1
"417","R_1loeQOIjPMABytw","3.01-3.50",13,3,4,"Male",2,"Student",12,1,1,1,0,0,0,0,1,0,1,1,1,1,1,1,1,0,0,1
"418","R_2Eabf92cKakTVMB","3.51-4.00",16,6,2,"Male",1,"Student",11,0,0,0,1,1,0,0,1,0,1,0,1,1,0,1,1,1,1,1
"419","R_2TREQVRnKrfFM91","3.51-4.00",15,3,1,"Female",1,"Student",17,1,1,1,1,1,1,1,1,1,1,1,1,0,1,1,1,1,0,1
"420","R_3PKRLV8Bbz7FR3t","3.51-4.00",12,5,1,"Male",1,"Student",4,0,0,1,0,0,0,0,1,1,0,0,1,0,0,0,0,0,0,0
"421","R_RfUKTn3wXlI0BNL","3.51-4.00",14,0,NA,"Female",2,"Student",12,1,0,1,0,1,1,1,0,1,1,0,1,0,0,1,1,1,0,1
"422","R_3F5uSzRV5VqtAFf","2.51-3.00",16,3,3,"Male",3,"Student",1,1,0,0,0,0,0,0,0,0,0,0,0,0,0,0,0,0,0,0
"423","R_di3jL9GwI9AJuud","3.01-3.50",16,5,1,"Male",1,"Student",6,1,0,0,1,0,1,1,0,0,1,1,0,0,0,0,0,0,0,0
"424","R_1JKO4rcSfYj2yn8","3.51-4.00",9,4,4,"Male",3,"Student",4,0,0,0,0,0,1,0,0,0,1,0,1,0,0,1,0,0,0,0
"425","R_xbcqrcdkGwo88Q9","3.01-3.50",16,3,3,"Male",1,"Student",6,1,0,0,0,0,0,0,1,0,0,1,1,1,1,0,0,0,0,0
"426","R_tPNqsjoLReGlUf7","3.51-4.00",11,3,2,"Female",3,"Student",17,0,0,1,1,1,1,1,1,1,1,1,1,1,1,1,1,1,1,1
"427","R_OvVShnhcxcEft5f","2-2.50",13,3,4,"Male",2,"Student",1,0,0,1,0,0,0,0,0,0,0,0,0,0,0,0,0,0,0,0
"428","R_2SfvNDUtuxGfxL7","3.01-3.50",14,0,NA,"Female",3,"Student",11,0,0,1,0,1,0,0,1,0,1,1,1,0,1,1,1,1,0,1
"429","R_3DqoNRQMrktqY0N","3.51-4.00",18,2,1,"Male",3,"Student",8,1,0,0,0,1,0,0,1,1,0,0,1,1,0,0,0,0,1,1
"430","R_ZlZGAOnMuVZTQ0V","3.51-4.00",11,4,4,"Female",2,"Student",9,0,0,0,1,0,0,1,1,0,1,1,0,0,1,1,0,0,1,1
"431","R_2VCvwrux9ICNiO6","3.51-4.00",11,3,1,"Female",4,"Student",5,0,0,0,0,0,1,0,0,1,0,0,1,0,0,0,0,1,1,0
"432","R_2CHgxCCXwfmYLEL","2-2.50",15,4,2,"Male",3,"Student",5,1,0,0,1,1,0,1,0,0,0,0,0,0,1,0,0,0,0,0
"433","R_3PjjLc3WX75JTbj","2.51-3.00",13,4,1,"Male",3,"Student",10,0,0,0,1,0,1,0,1,0,1,1,1,0,1,1,1,0,0,1
"434","R_2qrV0ipuZNleVTi","3.01-3.50",17,4,2,"Male",3,"Student",7,0,0,1,0,0,0,0,1,0,1,1,1,0,0,1,0,1,0,0
"435","R_3kochyOElS5y84K","3.51-4.00",13,3,3,"Male",2,"Student",11,1,1,1,0,1,1,0,1,0,1,1,0,0,0,1,1,0,0,1
"436","R_qRhd8ifdZ1dMSE9","3.51-4.00",9,4,5,"Female",4,"Student",10,0,1,1,0,0,0,0,1,1,1,0,0,0,1,1,1,1,0,1
"437","R_10rrywmoPRVOqP3","3.01-3.50",16,3,3,"Female",3,"Student",9,0,0,0,0,0,1,1,1,1,1,1,1,1,1,0,0,0,0,0
"438","R_vdy2zWLnPrntXln","3.01-3.50",15,0,NA,"Female",1,"Student",4,1,1,1,0,0,0,0,0,0,0,0,0,0,0,1,0,0,0,0
"439","R_1n73P1jnpqiYU6I","2.51-3.00",14,4,3,"Male",2,"Student",1,0,1,0,0,0,0,0,0,0,0,0,0,0,0,0,0,0,0,0
"440","R_3hF5DntJkF9T0r2","3.51-4.00",14,4,3,"Female",1,"Student",9,1,0,1,0,0,1,0,1,0,0,0,1,0,1,1,1,0,0,1
"441","R_O3ALSMWsYOryaFb","3.51-4.00",14,6,3,"Gender variant/non-conforming",1,"Student",10,0,1,1,0,0,0,0,1,0,1,1,1,1,1,1,1,0,0,0
"442","R_2VaQI9Zq3WW5rN6","3.51-4.00",12,5,2,"Male",1,"Student",10,0,0,0,0,0,1,1,1,1,1,1,0,0,0,1,1,1,1,0
"443","R_2WJwh2oJ3lhJknC","3.51-4.00",17,4,2,"Female",3,"Student",12,0,1,1,0,0,0,0,1,0,1,1,1,1,1,1,1,1,0,1
"444","R_3lRZoorzMq5InUQ","2-2.50",17,3,1,"Female",3,"Student",4,1,0,0,0,0,0,0,0,0,1,0,0,0,0,0,1,0,1,0
"445","R_1qh9Sikt4cYbVbV","3.01-3.50",16,0,2,"Female",2,"Student",7,0,1,0,0,0,1,0,0,0,1,1,1,0,0,1,1,0,0,0
"446","R_1I4VExtnY7WCACW","3.01-3.50",18,3,2,"Male",3,"Student",8,1,0,1,0,0,0,1,0,0,1,1,1,0,1,0,0,0,1,0
"447","R_27VcFKdadAbPV4V","3.01-3.50",16,4,1,"Female",1,"Student",11,1,0,1,0,0,1,1,0,1,1,1,1,1,0,0,0,1,1,0
"448","R_2PbfG4A2vfBhPGr","3.01-3.50",14,5,2,"Male",1,"Student",10,0,1,1,0,1,0,0,1,1,1,1,1,0,1,0,1,0,0,0
"449","R_10Ix0l6jsKEBjkB","3.51-4.00",17,4,2,"Female",3,"Student",8,1,0,1,0,0,1,0,0,0,1,1,1,0,0,0,0,1,1,0
"450","R_2SJoCtIlSRraPhy","3.01-3.50",17,3,3,"Male",1,"Student",7,1,0,1,0,0,0,1,0,0,1,1,0,0,0,1,1,0,0,0
"451","R_3j2jQeHha3MJI6K","3.01-3.50",17,4,2,"Female",1,"Student",8,1,0,1,0,0,1,1,0,0,0,0,1,0,1,0,0,1,1,0
"452","R_80WaGCwGHNgVRo5","3.01-3.50",15,4,2,"Female",3,"Student",9,1,0,1,0,0,0,1,0,1,1,1,0,0,0,0,0,1,1,1
"453","R_3256zYxpbDbbuOS","3.01-3.50",15,4,2,"Female",1,"Student",7,0,0,1,0,0,0,1,0,0,1,0,1,0,0,0,0,1,1,1
"454","R_2f7qftqhNZUfTiy","3.01-3.50",14,4,2,"Female",1,"Student",9,1,0,1,0,0,0,0,0,1,1,1,0,0,0,0,1,1,1,1
"455","R_1o7owq5SVwoTinj","2-2.50",10,4,1,"Female",2,"Student",3,1,0,0,1,0,0,0,0,0,1,0,0,0,0,0,0,0,0,0
"456","R_3eaGVild74vLvdz","2.51-3.00",18,4,3,"Female",1,"Student",8,0,0,1,0,1,0,1,0,1,1,0,0,1,0,0,0,0,1,1
"457","R_3HN3ulc3NFFlehE","3.01-3.50",12,3,1,"Female",1,"Student",4,0,0,0,1,0,0,0,0,1,1,0,0,1,0,0,0,0,0,0
"458","R_2qm8Npb8HI8UB92","3.51-4.00",16,4,2,"Female",3,"Student",9,1,0,1,0,0,1,1,0,0,1,1,0,0,0,1,0,1,1,0
"459","R_Z1MpdNYaEP80hJT","2.51-3.00",14,4,3,"Female",3,"Student",4,0,0,0,0,1,0,0,1,0,0,1,0,0,1,0,0,0,0,0
"460","R_psHuZltlvcytg1b","3.01-3.50",13,5,2,"Female",2,"Student",5,1,0,0,0,0,0,1,0,0,1,1,0,0,1,0,0,0,0,0
"461","R_3exmdDtr45K0j42","3.01-3.50",16,4,2,"Female",1,"Student",10,1,0,1,0,0,0,1,0,1,1,0,0,0,1,0,1,1,1,1
"462","R_ypB8rLO6jdJcyGZ","3.01-3.50",15,3,2,"Male",1,"Student",4,0,0,1,1,1,0,0,0,0,0,0,0,0,0,0,0,0,1,0
"463","R_110m1IbZEdqP0JD","3.01-3.50",18,4,1,"Male",1,"Student",6,1,0,1,0,0,0,1,0,0,0,0,0,1,1,0,0,0,0,1
"464","R_3Eam1ATo5j6WV2l","2.51-3.00",13,4,1,"Male",2,"Student",2,0,0,1,0,0,0,0,0,0,0,0,0,0,0,0,0,0,0,1
"465","R_a8yrbmNQvslSYE1","2.51-3.00",17,4,2,"Female",1,"Student",12,1,0,1,0,0,1,1,0,1,1,1,0,0,0,1,1,1,1,1
"466","R_33eANti8jTpQVri","3.01-3.50",16,3,2,"Male",1,"Student",5,0,0,1,0,0,1,0,0,0,0,1,0,0,1,0,0,0,1,0
"467","R_31Zcb9JM4imDZ5t","3.01-3.50",19,5,1,"Female",1,"Student",7,0,0,1,0,0,0,1,0,1,1,1,0,0,1,0,0,0,1,0
"468","R_SI9QCkUYCUFU7kZ","3.51-4.00",18,5,1,"Male",3,"Student",8,0,0,1,0,1,1,1,0,1,1,0,0,0,1,1,0,0,0,0
"469","R_qxQLMXbmhMQCmR3","3.01-3.50",18,3,1,"Male",1,"Student",9,1,0,1,0,0,0,1,0,0,1,1,0,0,1,1,1,0,1,0
"470","R_2AYXmJRySSDOwe6","2-2.50",17,4,1,"Male",2,"Student",3,0,0,1,0,0,0,0,0,0,1,1,0,0,0,0,0,0,0,0
"471","R_394WG5pljDF8mqJ","2.51-3.00",10,3,4,"Female",2,"Student",5,1,0,1,0,1,0,0,0,0,1,0,0,0,0,0,0,0,1,0
"472","R_1gTvItiuVA3Bmp9","3.01-3.50",14,5,2,"Male",3,"Student",5,0,0,1,0,1,0,0,0,0,1,0,0,1,0,0,1,0,0,0
"473","R_2agiYIWNlYgDxj9","2.51-3.00",13,2,1,"Female",1,"Student",2,1,0,1,0,0,0,0,0,0,0,0,0,0,0,0,0,0,0,0
"474","R_dbdHFxwLYQpadoZ","2-2.50",18,4,1,"Female",1,"Student",12,1,0,1,1,0,0,1,0,1,1,1,1,1,0,1,0,1,1,0
"475","R_31Xf1SIQZdwQpnw","2-2.50",11,4,2,"Female",2,"Student",8,0,1,0,1,0,0,0,1,1,1,0,0,1,0,1,0,1,0,0
"476","R_2xEMBPsxxxpzl9p","3.51-4.00",12,4,3,"Male",3,"Student",11,0,0,0,0,0,1,0,1,0,1,1,1,1,1,1,1,1,1,0
"477","R_2CwuJn6cyLJw1U2","3.51-4.00",18,3,3,"Male",1,"Student",16,1,0,1,0,0,1,1,1,1,1,1,1,1,1,1,1,1,1,1
"478","R_Tt5OZASZpJzooDv","3.01-3.50",14,3,1,"Male",3,"Student",8,1,0,1,0,0,0,1,1,1,0,1,0,0,1,1,0,0,0,0
"479","R_2CNGVYCyv7eU4t8","3.51-4.00",15,4,1,"Female",3,"Student",7,0,0,1,0,1,1,0,0,1,0,0,0,0,1,1,0,0,0,1
"480","R_3e4XacDlqyhV2nO","3.51-4.00",11,4,3,"Male",1,"Student",11,1,1,1,1,0,0,1,1,0,1,0,0,0,0,1,1,1,0,1
"481","R_21ziCQkaGN5Vfgq","2.51-3.00",19,3,1,"Female",1,"Student",4,1,0,1,0,1,0,1,0,0,0,0,0,0,0,0,0,0,0,0
"482","R_1o75yEnNeoTsyEk","2.51-3.00",19,3,1,"Female",1,"Student",4,1,0,1,0,1,0,1,0,0,0,0,0,0,0,0,0,0,0,0
"483","R_3OrDleYHdlXLXhM","2.51-3.00",12,4,2,"Female",3,"Student",7,1,0,1,0,0,0,1,0,0,1,1,0,0,0,0,0,1,0,1
"484","R_psFUWgaRrkZSVMt","3.01-3.50",19,3,1,"Male",1,"Student",7,1,0,1,0,0,0,1,0,0,0,0,0,0,1,0,1,1,1,0
"485","R_2pS5aKcJWMz22dY","2.51-3.00",19,3,1,"Female",1,"Student",3,1,0,1,1,0,0,0,0,0,0,0,0,0,0,0,0,0,0,0
"486","R_1rGEECsZCHCLpQ6","2.51-3.00",19,3,1,"Female",1,"Student",3,1,0,1,1,0,0,0,0,0,0,0,0,0,0,0,0,0,0,0
"487","R_306twUZXjI60N3d","3.51-4.00",19,4,1,"Male",1,"Student",8,0,0,1,0,0,0,0,0,0,1,1,0,0,1,1,1,1,1,0
"488","R_1plIsYNEPIzZOl3","3.01-3.50",19,3,1,"Male",1,"Student",6,1,0,1,0,0,1,1,0,0,0,0,0,0,0,0,1,0,1,0
"489","R_3jSsFYp3beIgG9l","2.51-3.00",20,3,1,"Male",1,"Student",4,1,1,1,0,0,0,0,0,0,1,0,0,0,0,0,0,0,0,0
"490","R_1rOX7JSEIOoMDfw","2.51-3.00",18,3,1,"Male",1,"Student",3,1,1,1,0,0,0,0,0,0,0,0,0,0,0,0,0,0,0,0
"491","R_2aqUoVdcCsyY65S","3.01-3.50",17,3,2,"Female",3,"Student",7,0,0,1,0,0,0,1,1,0,0,0,0,0,0,1,1,1,1,0
"492","R_507w5OBREdhFISl","3.01-3.50",20,3,1,"Male",1,"Student",5,1,0,1,0,0,0,1,0,0,0,0,0,0,1,0,1,0,0,0
"493","R_WvuTr4skDqBZ7qN","3.51-4.00",19,3,1,"Male",1,"Student",6,1,0,1,1,0,0,0,0,0,1,0,0,0,0,0,1,0,1,0
"494","R_DMCx83RkpOhZXa1","3.01-3.50",19,3,1,"Male",1,"Student",4,1,0,1,0,0,0,0,0,0,0,0,0,0,1,0,0,0,1,0
"495","R_2q1OA4WNs74lwCy","3.01-3.50",15,3,2,"Male",1,"Student",5,1,0,1,0,0,0,0,0,0,0,0,0,0,0,0,1,1,1,0
"496","R_3ftxd4ilmas9TPj","",12,6,1,"Male",1,"Faculty",15,0,1,1,1,1,1,0,1,0,1,1,1,1,1,1,1,1,1,0
"497","R_2VjPzs8e0aEUvW6","",14,5,1,"Female",1,"Faculty",8,0,0,0,0,1,1,0,1,0,1,1,1,0,0,0,1,1,0,0
"498","R_pfPJfB6E1OL1vWh","",12,3,3,"Female",3,"Faculty",6,0,0,0,0,0,0,0,1,0,1,0,1,0,0,0,1,1,0,1
"499","R_dpc01s8Pp9HYtvr","",12,4,1,"Female",1,"Faculty",16,0,0,1,1,1,1,0,1,1,1,1,1,1,1,1,1,1,1,1
"500","R_3sALNM1mXfOsZLZ","",11,4,1,"Female",3,"Faculty",12,0,0,0,0,1,0,0,1,1,1,1,1,1,1,1,1,1,0,1
"501","R_2q7tNfnxvskEalg","",12,4,1,"Female",3,"Faculty",13,0,0,1,1,1,1,0,1,0,1,1,1,0,1,1,1,1,0,1
"502","R_3sBWENX8zhoLMC7","",13,5,2,"Female",1,"Faculty",10,0,0,1,1,0,0,0,1,0,1,1,1,0,1,1,1,1,0,0
"503","R_2xP4HLvoMyiVAnu","",8,4,2,"Male",2,"Faculty",5,0,0,0,0,0,0,0,1,0,1,1,1,0,1,0,0,0,0,0
"504","R_3R4sPnhmwr0l8D8","",15,1,2,"Male",1,"Faculty",11,0,0,0,1,1,1,0,1,1,1,0,1,0,1,1,1,1,0,0
"505","R_1l02iRMEQ7crwLZ","",14,2,2,"Female",3,"Faculty",13,1,0,1,0,1,0,0,1,1,1,1,1,0,1,1,1,1,0,1
"506","R_5tDvINoChkXWNtn","",13,4,2,"Male",1,"Faculty",10,0,0,1,0,1,0,0,1,1,1,0,1,0,1,1,1,1,0,0
"507","R_2D8JQGb0GtBHtH5","",16,4,1,"Male",1,"Faculty",13,0,0,1,1,1,0,0,1,1,1,1,1,1,0,1,1,1,1,0
"508","R_x9qPOww1zcWenWF","",16,4,1,"Female",1,"Faculty",16,0,0,1,1,1,1,0,1,1,1,1,1,1,1,1,1,1,1,1
"509","R_2E4s2Tr3TZBTg2q","",13,4,2,"Male",1,"Faculty",16,1,0,1,1,1,1,1,1,1,1,1,1,0,1,1,1,1,0,1
"510","R_qEmH73ufzoGwbHb","",13,4,1,"Female",3,"Faculty",15,0,0,1,1,1,1,0,1,1,1,1,1,0,1,1,1,1,1,1
"511","R_2ZQahHdop5aBICq","",12,4,3,"Male",2,"Faculty",9,0,0,1,0,0,0,0,1,1,1,1,0,1,1,0,1,1,0,0
"512","R_PtArf0Tkxr2TJap","",13,3,2,"Female",2,"Faculty",14,1,0,1,1,1,0,0,1,1,1,1,1,0,1,1,1,1,0,1
"513","R_6xOsHhOambnMB3z","",13,5,2,"Female",3,"Faculty",12,0,0,0,1,1,1,0,1,0,1,0,1,1,1,1,1,0,1,1
"514","R_2YCTDN46wrFKbmV","",13,5,2,"Female",1,"Faculty",11,0,0,0,1,1,1,0,1,0,1,1,1,1,1,1,1,0,0,0
"515","R_3QKRFpPcoyPhQEK","",13,4,1,"Male",1,"Faculty",8,0,0,0,0,1,0,0,1,0,1,0,1,0,1,1,1,1,0,0
"516","R_20MqYp6I3oMBJwz","",11,5,1,"Male",1,"Faculty",11,0,0,0,0,1,1,0,1,0,1,1,1,0,1,1,1,1,1,0
"517","R_3ewpVLRstaTgNfz","",13,4,1,"Female",1,"Faculty",15,0,0,1,1,1,1,0,1,0,1,1,1,1,1,1,1,1,1,1
"518","R_3hnc6ri40QXxjWi","",13,3,1,"Female",3,"Faculty",13,1,0,1,0,1,1,0,1,0,1,1,1,1,1,1,1,0,0,1
"519","R_6ze0kMLikzzQrZv","",15,3,2,"Female",1,"Faculty",15,1,0,0,1,1,1,0,1,1,1,1,1,1,0,1,1,1,1,1
"520","R_21oevpb5NFfXPh9","",14,5,2,"Male",1,"Faculty",14,1,0,1,0,1,1,0,1,0,1,1,1,1,1,1,1,1,1,0
"521","R_A55Jsiaeqck24OB","",15,3,1,"Female",1,"Faculty",16,1,0,1,1,1,1,0,1,1,1,1,1,1,1,1,1,1,1,0
"522","R_2dtLYEJEUlSz0bf","",13,5,1,"Female",1,"Faculty",14,0,0,0,1,1,1,0,1,0,1,1,1,1,1,1,1,1,1,1
"523","R_31HOB7TAUya2u6J","",14,3,4,"Female",1,"Faculty",8,0,0,0,0,1,1,1,1,0,0,0,1,1,0,0,0,1,1,0
"524","R_27xplBy5qoc4pC8","",18,5,3,"Female",3,"Faculty",7,0,0,0,1,0,1,1,1,0,0,0,0,0,0,0,1,1,1,0
"525","R_3j8P4ChlthEwxZw","",14,6,2,"Male",1,"Faculty",10,0,0,1,0,1,0,0,1,0,1,1,1,0,1,1,1,0,1,0
"526","R_2QM2TUIxMFWOTeZ","",14,4,3,"Male",3,"Faculty",12,0,0,1,1,1,0,1,1,0,1,1,1,1,1,1,1,0,0,0
"527","R_1QDYaYMc66hXBWY","",15,4,1,"Female",1,"Faculty",14,1,1,1,1,1,1,0,1,0,1,1,0,0,1,1,1,0,1,1
"528","R_2pQ9pPu2uVQaLGo","",17,5,2,"Female",3,"Faculty",5,1,0,1,1,0,0,0,0,0,1,1,0,0,0,0,0,0,0,0
"529","R_1DAcpSTNL9t9HFT","",18,5,4,"Female",3,"Faculty",5,1,0,1,1,0,0,0,0,0,1,0,0,0,1,0,0,0,0,0
"530","R_1dBsEoQDQroj4Gt","",18,5,2,"Male",1,"Faculty",6,1,0,1,0,0,0,0,0,0,1,1,0,0,0,0,1,0,1,0
"531","R_1mOfHaZmc9mPRhp","",12,5,2,"Female",1,"Faculty",8,0,0,0,0,0,0,0,1,0,1,1,1,0,1,1,1,1,0,0
"532","R_qyLuP3W7L81CssF","",13,0,NA,"Female",3,"Faculty",16,1,1,1,1,1,1,0,1,1,1,1,1,0,1,1,1,1,0,1
"533","R_1FwRVtpHJReQ5hx","",15,5,1,"Male",1,"Faculty",18,1,1,1,1,1,1,0,1,1,1,1,1,1,1,1,1,1,1,1
"534","R_4NhGPQHnxtRpjPP","",10,5,1,"Male",3,"Faculty",9,0,0,0,1,0,1,0,1,0,1,1,1,0,0,1,1,0,0,1
"535","R_10ou1PAC6jlCJBb","",11,4,2,"Female",1,"Faculty",13,0,0,0,1,1,1,0,1,0,1,1,1,1,1,1,1,1,0,1
"536","R_2AR2Y87djBsW4qG","",16,4,3,"Female",1,"Faculty",14,0,0,1,1,1,1,0,1,1,1,1,1,1,0,0,1,1,1,1
"537","R_0Gmtz64XocBVkzL","",12,4,1,"Female",1,"Faculty",13,0,0,1,1,0,1,0,1,0,1,1,1,0,1,1,1,1,1,1
"538","R_3qa0i5VQsQQkzu5","",12,5,2,"Female",1,"Faculty",9,0,0,0,0,1,0,0,1,0,1,1,1,0,1,1,1,1,0,0
"539","R_AufYCVjJwNuZl3r","",11,4,2,"Prefer not to say",1,"Faculty",15,0,0,0,1,1,1,0,1,1,1,1,1,1,1,1,1,1,1,1
"540","R_1BWqOzzkpNRw9zF","",13,5,2,"Male",1,"Faculty",16,0,0,1,1,0,1,1,1,1,1,1,1,1,1,1,1,1,1,1
"541","R_9SIhC5xNg5NCMBb","",13,5,1,"Female",1,"Faculty",10,0,0,0,1,0,1,0,1,0,1,1,1,0,1,1,1,0,0,1
"542","R_b8zO1Zezi5PyEi5","",12,4,2,"Male",1,"Faculty",10,0,0,0,0,1,1,0,1,0,1,1,0,0,1,1,1,1,1,0
"543","R_3X9O12Yh9ilIUKd","",14,4,1,"Female",1,"Faculty",9,0,0,0,1,1,1,0,1,0,1,1,0,0,0,1,1,0,0,1
"544","R_3kwb5eovQ4QGC6X","",14,1,2,"Female",1,"Faculty",15,1,0,1,1,1,1,0,1,1,1,1,1,0,1,1,1,1,1,0
"545","R_2uVfRz0DRqgg1WM","",13,3,2,"Female",1,"Faculty",14,0,0,0,0,1,1,1,1,1,1,1,1,1,0,1,1,1,1,1
"546","R_yR8WKfek6xiV9HX","",11,3,1,"Male",1,"Faculty",12,0,0,0,0,1,1,0,1,0,1,1,1,1,1,1,1,0,1,1
"547","R_3JwMc6QhoYWpANa","",9,3,1,"Male",1,"Faculty",9,0,0,1,0,0,0,0,1,0,1,1,1,1,0,1,1,1,0,0
"548","R_2wmdkVoTVlDARXJ","",13,6,2,"Male",3,"Faculty",10,0,0,0,1,0,1,1,1,0,0,0,1,0,1,1,1,1,0,1
"549","R_a5Ez50T9XTnmMUh","",11,3,4,"Male",2,"Faculty",10,1,0,1,0,0,0,0,1,1,1,1,0,1,1,1,1,0,0,0
"550","R_ReQlnzdLYngBDuF","",12,4,2,"Male",1,"Faculty",16,0,0,1,1,1,1,0,1,1,1,1,1,1,1,1,1,1,1,1
"551","R_3fkKsxLhB4yQxUh","",5,0,3,"Female",3,"Faculty",8,0,0,0,0,1,0,0,1,1,1,1,0,0,1,0,1,1,0,0
"552","R_Ov3HTIUaeAuMhVf","",13,4,2,"Male",3,"Faculty",11,0,0,0,1,0,1,0,1,0,1,1,0,1,1,1,1,1,0,1
"553","R_2ZHwmyEicytzfen","",13,4,1,"Female",1,"Faculty",12,0,0,0,1,1,1,0,0,1,1,0,1,0,1,1,1,1,1,1
"554","R_2cCoDkeZpkRNKW8","",14,5,2,"Female",3,"Faculty",9,0,0,0,0,0,1,0,1,0,1,1,1,0,1,1,1,1,0,0
"555","R_3G26tEO1cffN9PJ","",11,3,1,"Male",1,"Faculty",11,0,1,1,0,0,0,0,1,0,1,1,1,0,1,1,1,1,0,1
"556","R_3CC4c00n9HMu2C7","",14,3,2,"Female",3,"Faculty",14,0,0,0,1,1,1,0,1,1,1,1,1,1,1,1,1,1,1,0
"557","R_3MtaTDuda1SQPXC","",19,4,4,"Male",2,"Faculty",1,1,0,0,0,0,0,0,0,0,0,0,0,0,0,0,0,0,0,0
"558","R_2tMawhPcn9e1W15","",17,1,3,"Male",3,"Faculty",2,0,1,0,0,0,0,0,0,0,0,0,0,0,0,0,0,1,0,0
"559","R_RIl4WUk3t1UaUMN","",12,3,2,"Male",1,"Faculty",4,0,0,1,0,0,0,0,1,0,0,0,0,0,0,1,0,1,0,0
"560","R_1jUQha0tLYvwN2T","",10,4,3,"Male",2,"Faculty",7,1,0,0,0,1,0,1,0,0,0,0,1,0,1,1,0,0,1,0
"561","R_2bJ2hIo9o05mUC3","",10,3,3,"Male",2,"Faculty",3,0,0,0,0,0,0,1,0,0,0,0,0,1,0,0,0,1,0,0
"562","R_1Fh33VUbx6WueDU","",13,1,4,"Male",1,"Faculty",5,1,0,0,1,0,0,0,0,0,0,1,0,0,0,0,1,0,1,0
"563","R_2ZBshC8f1AyfVDi","",15,5,2,"Female",1,"Faculty",13,1,0,1,0,1,1,1,0,1,1,1,1,0,1,1,1,0,1,0
"564","R_27DrGxbJtzcyUBf","",14,3,2,"Female",1,"Faculty",13,1,0,1,1,1,0,1,0,1,1,0,0,1,1,1,1,1,1,0
"565","R_1Ng02YypAgCwLfa","",12,3,2,"Female",1,"Faculty",13,0,1,0,1,1,1,0,1,0,1,1,1,0,1,1,1,1,1,0
"566","R_21hWPsuypD8gdo5","",14,4,1,"Male",1,"Faculty",12,0,0,1,1,0,1,1,1,0,1,1,1,1,1,0,1,0,1,0
"567","R_ysjuRC5mTFVTeMN","",15,3,1,"Male",3,"Faculty",18,1,0,1,1,1,1,1,1,1,1,1,1,1,1,1,1,1,1,1
"568","R_1n2svmFGqeHvOdj","",12,5,2,"Male",3,"Faculty",5,0,1,0,0,0,0,1,0,0,0,0,0,0,0,1,1,0,1,0
"569","R_2QQkiWrMnNUKpNb","",13,3,2,"Male",3,"Faculty",5,0,0,0,1,0,1,0,0,0,1,0,0,0,0,1,0,1,0,0
"570","R_xfoS44XGEIRbcAx","",13,5,2,"Female",1,"Faculty",6,0,0,0,1,0,0,0,0,1,1,0,0,1,0,1,0,1,0,0
"571","R_YVOgly3OaDHslYR","",14,4,1,"Male",3,"Faculty",5,0,0,1,0,0,1,0,0,1,0,0,0,0,0,1,0,0,1,0
"572","R_25Xytl33e4uRCnY","",14,2,2,"Female",1,"Faculty",4,1,0,1,0,0,0,1,0,0,1,0,0,0,0,0,0,0,0,0
"573","R_11ch3Ir7BUyX8cM","",16,5,4,"Male",1,"Faculty",5,1,0,0,1,0,0,0,0,1,0,0,0,0,0,0,0,1,0,1
"574","R_3iXuHkesyDAKbWj","",16,5,1,"Male",1,"Faculty",12,1,0,0,0,0,0,0,0,1,1,1,1,1,1,1,1,1,1,1
"575","R_323oyBYQjgTZYYB","",16,5,4,"Male",1,"Faculty",10,0,0,1,0,0,1,1,1,1,1,0,0,1,0,1,0,1,1,0
"576","R_88GryDXH8phrgvD","",13,1,3,"Male",1,"Faculty",1,0,0,0,1,0,0,0,0,0,0,0,0,0,0,0,0,0,0,0
"577","R_1jv9V85KXY8bvrk","",14,2,2,"Male",1,"Faculty",2,1,0,1,0,0,0,0,0,0,0,0,0,0,0,0,0,0,0,0
"578","R_Aillcl8q7pYeHRf","",15,4,1,"Female",3,"Faculty",9,1,0,1,0,0,0,1,1,1,1,1,0,0,0,1,0,1,0,0
"579","R_2TXgLUKz8uiACN1","",15,4,2,"Male",3,"Faculty",11,1,0,1,0,1,0,1,1,1,1,1,0,0,0,1,0,1,1,0
"580","R_2UfHUGxzTEmrm9Q","",18,4,1,"Male",1,"Faculty",7,0,0,1,1,0,0,1,0,0,1,0,1,0,0,1,0,0,1,0
"581","R_2YK7sXob8vbCL6W","",17,4,2,"Male",3,"Faculty",3,1,0,0,1,0,0,0,0,0,0,0,0,0,0,0,0,0,0,1
"582","R_2X6TqI806QEhp2l","",15,4,3,"Male",3,"Faculty",4,0,1,0,0,1,0,0,0,0,0,0,1,1,0,0,0,0,0,0
"583","R_wLCRRLzZxGljpkd","",15,6,1,"Female",3,"Faculty",4,0,0,1,1,0,0,0,0,0,0,0,1,0,1,0,0,0,0,0
"584","R_1iapRv3hgLPknB8","",15,2,1,"Female",1,"Faculty",3,1,0,1,0,0,0,0,1,0,0,0,0,0,0,0,0,0,0,0
"585","R_2w5Zwd9gaXGA0RZ","",17,3,2,"Male",1,"Faculty",8,1,0,1,0,1,0,1,0,0,0,0,0,0,0,1,1,1,1,0
"586","R_12DAomcfF74xVtB","",13,3,3,"Female",1,"Faculty",2,1,0,1,0,0,0,0,0,0,0,0,0,0,0,0,0,0,0,0
"587","R_263ybbsLpiw79SX","",14,2,2,"Female",1,"Faculty",2,1,0,1,0,0,0,0,0,0,0,0,0,0,0,0,0,0,0,0
"588","R_1jjEcPe8klEZEzS","",20,4,4,"Male",1,"Faculty",3,0,0,1,0,0,0,0,0,0,0,0,0,0,0,0,0,0,1,1
"589","R_1IufTaJjqBmBa5V","",14,6,1,"Male",3,"Faculty",4,1,0,0,0,1,0,0,0,1,0,0,0,1,0,0,0,0,0,0
"590","R_3fwmbAyzKc7XVuo","",13,3,1,"Female",1,"Faculty",2,1,0,1,0,0,0,0,0,0,0,0,0,0,0,0,0,0,0,0
"591","R_6MzbJLz19xSuOUp","",18,5,1,"Male",1,"Faculty",3,0,0,1,0,0,0,0,0,0,0,0,0,0,0,1,0,0,1,0
"592","R_2YWxr2nOcLwzXIv","",19,5,4,"Male",1,"Faculty",8,0,0,0,1,1,0,0,0,1,0,0,0,0,0,1,1,1,1,1
"593","R_0BcXZp0WjQgK7U5","",15,3,2,"Female",3,"Faculty",2,0,0,0,0,0,0,0,0,0,1,1,0,0,0,0,0,0,0,0
"594","R_1MLkHoGMEaUbpTd","",12,3,3,"Male",4,"Faculty",0,0,0,0,0,0,0,0,0,0,0,0,0,0,0,0,0,0,0,0
"595","R_1CDqTZVgnPCxajw","",15,4,2,"Male",1,"Faculty",8,0,0,1,0,1,0,0,1,1,1,0,0,0,0,1,1,1,0,0
"596","R_1Lioln4gGqdML44","",16,4,1,"Male",1,"Faculty",8,1,0,1,1,0,0,0,0,1,1,0,0,1,1,0,0,1,0,0
"597","R_3nIzzP8DiAzyc3p","",17,4,2,"Male",3,"Faculty",8,0,0,1,0,0,0,1,1,0,0,0,0,0,1,1,1,1,1,0
"598","R_2ZP8X6GdqimTFWz","",17,4,4,"Female",1,"Staff",11,0,0,1,0,1,0,1,1,0,1,1,0,1,0,1,1,1,0,1
"599","R_301Ra7NyXiizkYt","",12,3,2,"Female",3,"Staff",7,1,0,0,0,0,1,0,1,0,1,0,1,0,0,1,0,1,0,0
"600","R_1Qfr2Jjujx0wuiq","",15,4,2,"Female",3,"Staff",11,0,0,0,1,1,1,0,1,0,1,1,1,0,1,1,1,1,0,0
"601","R_28NWLT8uDqHZJEo","",11,4,3,"Female",3,"Staff",5,0,0,0,0,0,1,0,1,0,1,0,1,0,0,1,0,0,0,0
"602","R_2xyswd6sTuQH5r8","",13,3,3,"Female",3,"Staff",12,0,0,1,1,1,1,0,1,0,1,1,1,0,1,1,1,1,0,0
"603","R_3dXqKK2kNbot9ce","",14,4,1,"Female",1,"Staff",15,0,1,0,1,1,1,0,1,1,1,1,1,0,1,1,1,1,1,1
"604","R_2zMSpteSoc6oLLz","",13,4,3,"Female",3,"Staff",8,0,0,0,1,0,1,0,1,0,1,1,1,0,0,1,1,0,0,0
"605","R_2hteUSKgUhQ2sgx","",15,4,2,"Male",1,"Staff",5,0,0,1,0,0,0,0,0,0,1,0,1,0,0,1,1,0,0,0
"606","R_RaYnkL2rdRENwwF","",15,3,2,"Female",1,"Staff",13,0,0,0,0,1,1,0,1,1,1,1,1,0,1,1,1,1,1,1
"607","R_3EmzKoBOy9rysPr","",14,3,2,"Female",3,"Staff",12,0,0,0,1,0,1,1,1,1,1,0,1,0,1,1,1,1,1,0
"608","R_2rBDOVu0ed39CHP","",12,6,2,"Female",3,"Staff",9,0,0,0,1,0,0,0,1,0,1,1,1,1,0,0,1,1,1,0
"609","R_2ql4VwEDi7WY9oO","",16,3,2,"Male",1,"Staff",12,0,0,1,1,0,1,0,1,0,1,1,1,0,1,1,1,0,1,1
"610","R_2rjsE802tDLnDFd","",12,5,3,"Male",1,"Staff",11,1,0,1,1,1,0,0,1,0,1,1,0,0,1,1,0,1,0,1
"611","R_1ocjWEB7N88ud5a","",16,2,1,"Female",1,"Staff",12,0,0,0,1,0,0,0,1,0,1,1,1,1,1,1,1,1,1,1
"612","R_2tJwyILa6z8ur82","",16,4,2,"Female",3,"Staff",12,0,1,0,1,1,1,0,1,0,1,1,1,0,1,1,1,1,0,0
"613","R_cBaez1UBtuhY5Gh","",13,4,3,"Male",2,"Staff",5,0,0,0,0,0,1,0,0,0,1,0,1,0,0,1,1,0,0,0
"614","R_2eQHhHunvXi1vv7","",15,4,3,"Female",3,"Staff",7,0,0,0,1,0,0,0,1,0,1,0,1,0,1,1,1,0,0,0
"615","R_1rJnYLSV2WayNNI","",11,2,2,"Female",1,"Staff",11,0,0,0,1,1,1,0,1,1,1,1,1,0,0,1,1,1,0,0
"616","R_3ElQG8HahGC6zQS","",13,4,2,"Gender variant/non-conforming",4,"Staff",7,0,0,0,0,0,1,0,1,0,1,0,0,0,1,1,1,0,0,1
"617","R_32QNZLuQDgT48yd","",13,5,1,"Female",1,"Staff",9,0,0,0,0,0,1,0,1,0,1,0,0,1,1,1,1,1,0,1
"618","R_3UXd5B4jwzLCL7P","",13,5,3,"Male",1,"Staff",13,0,0,1,1,0,1,0,1,1,1,1,1,0,1,1,1,1,0,1
"619","R_1cYsMjYsjvJxAqe","",11,5,3,"Female",2,"Staff",12,0,0,0,1,0,1,0,1,0,1,1,1,0,1,1,1,1,1,1
"620","R_CghevOI0Pczv8Rj","",10,5,1,"Transgender male",1,"Staff",18,1,1,1,1,1,1,0,1,1,1,1,1,1,1,1,1,1,1,1
"621","R_XZkTWA6TH55FhDz","",13,4,2,"Prefer not to say",1,"Staff",11,0,0,0,0,1,1,0,1,0,1,1,1,0,0,1,1,1,1,1
"622","R_2U3pSxTKjghJOyT","",12,4,1,"Female",1,"Staff",6,0,0,0,0,1,0,0,1,0,1,0,1,1,0,0,1,0,0,0
"623","R_2amXLodwz8gkdMq","",11,4,3,"Male",1,"Staff",13,0,0,0,1,1,1,0,1,0,1,1,1,1,1,1,1,1,0,1
"624","R_1LSaRohAj6XICFD","",13,5,1,"Female",1,"Staff",12,0,0,0,1,1,1,0,1,0,1,1,1,0,1,1,1,0,1,1
"625","R_2agGjqWpopWG1nP","",12,3,2,"Female",1,"Staff",7,0,0,0,0,0,1,0,1,0,1,0,1,0,0,1,1,1,0,0
"626","R_UW40ceEfqfaUBgd","",13,2,2,"Female",2,"Staff",7,0,0,0,1,0,0,0,1,1,1,0,0,0,1,0,1,0,0,1
"627","R_cXPn2XR8VZpnraN","",15,3,1,"Male",3,"Staff",3,0,0,0,0,0,0,0,0,0,0,0,0,0,1,1,1,0,0,0
"628","R_2rNGpwmrTj3Q25K","",12,3,1,"Male",1,"Staff",8,0,0,0,0,0,0,0,1,1,1,1,1,0,1,1,0,1,0,0
"629","R_1Eg2pwwVaWMtpxe","",13,1,2,"Female",2,"Staff",8,0,0,0,0,1,1,0,1,0,1,0,1,0,0,1,1,0,1,0
"630","R_s7fE9jRDj1zRrqx","",14,6,3,"Male",3,"Staff",12,0,0,1,1,0,0,0,1,1,1,1,1,0,1,1,1,1,0,1
"631","R_XSdJs1TLfgxGIAp","",13,2,3,"Female",3,"Staff",13,0,0,1,1,1,1,0,1,0,1,1,1,0,1,1,1,1,1,0
"632","R_2RUkkzdLCEh6n7f","",16,5,3,"Female",1,"Staff",9,0,0,0,1,0,0,0,1,0,1,1,1,0,0,1,1,1,0,1
"633","R_1HiPGlSYZPQW0C6","",11,6,3,"Female",3,"Staff",14,0,0,0,1,1,1,0,1,1,1,1,1,0,1,1,1,1,1,1
"634","R_1JFmFMrTA3QjVId","",9,5,3,"Prefer not to say",4,"Staff",8,0,0,0,0,0,0,0,1,1,1,0,1,1,0,1,1,0,0,1
"635","R_6gNn1BSj33mZ0FX","",15,2,1,"Not listed",3,"Staff",7,0,0,0,0,0,1,0,1,0,1,1,1,0,0,1,1,0,0,0
"636","R_3MEHyu7AHdA1rxP","",14,3,2,"Female",3,"Staff",15,0,1,1,1,0,1,1,1,1,1,1,1,1,0,1,1,1,0,1
"637","R_UH1njiAPJTchMQh","",12,4,1,"Female",1,"Staff",16,1,0,1,1,1,1,0,1,0,1,1,1,1,1,1,1,1,1,1
"638","R_1OirFJmlPuhFhdq","",13,5,2,"Male",1,"Staff",13,0,0,1,1,0,1,0,1,1,1,1,1,1,1,1,1,0,1,0
"639","R_22Kv81ShQhxe9iX","",14,3,3,"Female",3,"Staff",9,0,0,0,0,0,1,0,0,0,1,1,1,1,1,1,1,1,0,0
"640","R_2fqv9pd9WCqQZwq","",15,4,3,"Female",1,"Staff",14,0,0,1,1,1,1,0,1,1,1,1,1,1,1,0,1,0,1,1
"641","R_bDh0h6XAQrdcYet","",11,3,4,"Male",1,"Staff",11,1,0,0,0,0,1,0,1,0,1,1,1,1,1,1,1,1,0,0
"642","R_dhZvGxTDFMc4RSV","",14,3,1,"Female",3,"Staff",8,0,0,0,0,1,0,0,1,0,1,0,1,0,1,1,1,1,0,0
"643","R_2Bxta1r1dJLqzq6","",14,0,NA,"Female",3,"Staff",14,1,0,0,1,0,1,0,1,1,1,1,1,1,0,1,1,1,1,1
"644","R_27qfx2qxA92ml8Y","",14,4,3,"Female",2,"Staff",8,0,0,0,0,0,0,0,1,1,1,0,1,0,0,1,1,1,0,1
"645","R_3HRqgNMquPDMfmY","",15,3,3,"Female",2,"Staff",4,0,0,0,0,0,0,0,0,0,1,0,1,1,0,0,1,0,0,0
"646","R_eaMUBGbtlifSD4J","",19,5,2,"Female",1,"Staff",13,0,0,0,1,1,1,0,1,1,1,1,1,1,0,1,1,0,1,1
"647","R_2SjhDxuTeN2IbEL","",12,3,2,"Female",1,"Staff",9,0,0,0,0,1,0,0,1,0,1,1,1,1,0,1,1,1,0,0
"648","R_RJqpFspbwd3tqkp","",11,5,3,"Male",2,"Staff",9,0,0,1,1,0,1,0,1,1,0,1,0,0,1,1,1,0,0,0
"649","R_1rwQHsHVLjVfxIs","",14,4,1,"Female",1,"Staff",11,0,0,1,0,1,1,0,1,1,1,1,1,0,0,1,1,0,0,1
"650","R_2uFJiV8vlvbRSrT","",12,3,1,"Male",1,"Staff",11,0,1,0,0,0,1,0,1,0,1,1,1,1,1,1,1,1,0,0
"651","R_3J3POXJSTgHmuGd","",8,3,3,"Male",1,"Staff",14,0,1,0,1,1,1,0,1,0,1,1,1,1,1,1,1,0,1,1
"652","R_29uhocN01r0aYOn","",14,0,NA,"Female",2,"Staff",1,1,0,0,0,0,0,0,0,0,0,0,0,0,0,0,0,0,0,0
"653","R_3lMRCYsOUtHLYf5","",14,3,1,"Male",1,"Staff",11,0,0,1,1,0,0,0,1,0,1,1,1,0,1,1,1,1,1,0
"654","R_3imY6KXDYRSlPVC","",11,2,3,"Male",2,"Staff",4,0,0,0,0,0,1,0,0,0,0,0,1,0,0,0,0,0,1,1
"655","R_2wsDqmp9t9LiUeB","",11,3,2,"Female",3,"Staff",11,0,0,1,0,0,1,0,1,0,1,1,1,0,1,1,1,0,1,1
"656","R_sjOATthHgygEVrj","",13,5,1,"Male",1,"Staff",11,0,0,0,0,1,0,0,1,0,1,1,1,1,1,1,1,0,1,1
"657","R_3dSORKmpSVPLIse","",19,3,3,"Female",3,"Staff",5,0,1,0,0,0,0,0,0,0,0,0,0,0,1,0,1,0,1,1
"658","R_1gzPxjONjyX6Tgc","",15,5,2,"Female",3,"Staff",3,1,0,0,0,0,0,0,0,0,1,1,0,0,0,0,0,0,0,0
"659","R_1q4flid6QPW3lb1","",15,3,1,"Female",1,"Staff",16,1,0,1,1,1,1,0,1,1,1,1,1,0,1,1,1,1,1,1
"660","R_2VyZS4tK1iVWUHt","",15,4,1,"Female",1,"Staff",8,0,0,0,1,1,1,0,1,0,1,0,1,0,0,1,0,0,0,1
"661","R_3NFfbXnqZAJ2ATU","",11,4,3,"Male",2,"Staff",10,0,0,0,0,0,0,0,1,1,1,1,1,1,1,1,1,1,0,0
"662","R_2EnQKgQlwR3xGfU","",15,4,1,"Female",1,"Staff",13,0,0,1,1,1,0,0,1,1,1,1,1,0,1,1,1,1,0,1
"663","R_1lbriTdS83YYrso","",13,4,3,"Female",1,"Staff",9,0,0,0,0,1,1,0,1,1,0,0,1,1,0,1,1,0,0,1
"664","R_1BPFyN86jwuohgH","",14,4,3,"Male",4,"Staff",3,0,0,0,0,0,0,0,1,0,0,0,0,1,0,0,0,0,0,1
"665","R_2Sk5e84CIBWmHKn","",7,3,5,"Male",2,"Staff",5,0,0,0,1,0,0,0,1,0,1,1,0,0,0,1,0,0,0,0
"666","R_e8TAk0gK1uBKD6h","",14,3,1,"Female",3,"Staff",10,0,0,0,0,1,1,0,1,0,1,1,1,0,1,1,1,1,0,0
"667","R_822M20UT03sAFtn","",14,4,3,"Female",3,"Staff",13,0,0,0,1,1,1,0,1,0,1,1,1,1,1,1,1,1,0,1
"668","R_2cdd1hAWMp9Dt3Z","",15,4,4,"Female",2,"Staff",9,0,0,1,0,0,1,0,1,1,0,1,1,0,0,1,1,0,0,1
"669","R_1LTIiglA3kk0SZO","",11,0,3,"Female",4,"Staff",10,0,0,0,0,0,1,0,1,0,1,1,1,0,1,1,1,1,0,1
"670","R_3ef9i5JPDYgtvpw","",13,5,1,"Female",1,"Staff",14,0,0,0,1,1,1,0,1,1,1,1,1,0,1,1,1,1,1,1
"671","R_UWJ6Mm49WR4eJYl","",11,5,1,"Male",3,"Staff",12,1,0,1,1,0,0,0,0,0,1,1,1,0,1,1,1,1,1,1
"672","R_1C0Uh7YM0eUkZWn","",15,0,NA,"Female",3,"Staff",7,0,0,0,0,0,1,0,1,0,1,1,0,0,1,1,0,1,0,0
"673","R_1NfrUxZsvK7n7Ev","",16,3,1,"Male",3,"Staff",4,0,0,1,0,0,0,1,0,0,1,0,0,0,0,0,0,0,1,0
"674","R_wWQdfCzaqlQpYKl","",13,4,1,"Female",1,"Staff",12,1,1,0,1,1,1,0,1,0,1,1,1,0,1,1,1,0,0,0
"675","R_2RUKX4IS4BYbLpF","",17,3,1,"Male",1,"Staff",4,1,0,1,0,0,0,0,0,1,0,0,0,0,0,0,0,0,1,0
"676","R_2rZLV9ep3kClaaY","",19,4,1,"Female",1,"Staff",3,1,0,0,0,0,0,0,0,0,0,0,0,0,1,0,0,0,1,0
"677","R_1l9uTcZAaVgMxwQ","",11,1,1,"Female",1,"Staff",9,1,1,0,1,1,1,0,1,0,1,0,0,1,1,0,0,0,0,0
"678","R_3DqAv47ogAFPFK8","",19,4,2,"Female",1,"Staff",8,1,1,1,0,0,0,0,0,0,1,1,0,1,0,1,0,0,1,0
"679","R_3oB1qEWtT4B9yDq","",13,3,3,"Female",2,"Staff",4,0,0,0,0,0,0,0,1,0,1,0,1,0,0,0,1,0,0,0
"680","R_3n9nonRR9kt6oYt","",18,4,2,"Female",1,"Staff",1,1,0,0,0,0,0,0,0,0,0,0,0,0,0,0,0,0,0,0
"681","R_3scYidIOLxWZHll","",12,4,3,"Female",3,"Staff",10,0,0,1,1,0,1,0,1,1,1,1,0,0,0,1,1,1,0,0
"682","R_3M6CRixH7I59Wii","",17,4,2,"Male",3,"Staff",7,0,0,1,0,0,0,1,1,0,0,0,0,0,0,1,1,1,1,0
"683","R_2tJaMqJmeeH1hxG","",11,4,2,"Male",3,"Staff",9,0,0,0,1,0,0,0,1,0,1,1,1,1,1,1,0,1,0,0
"684","R_3n8kaD8E9fzQxC3","",12,4,1,"Female",1,"Staff",6,0,0,0,0,1,0,0,1,0,1,0,1,0,1,1,0,0,0,0
"685","R_1mUGZQWjTjEcg6o","",13,4,2,"Female",1,"Staff",10,0,0,0,1,1,1,0,1,0,1,0,1,1,0,1,1,0,1,0
"686","R_3MGnAzHnH8WHvzR","",12,1,2,"Female",3,"Staff",13,0,0,1,1,0,1,0,1,1,1,1,1,0,1,1,1,1,1,0
"687","R_8fi0uipMcUBYrzH","",13,2,4,"Female",3,"Staff",8,0,0,0,0,0,1,0,1,0,1,1,1,0,1,1,1,0,0,0
"688","R_9LDLFWrx2pdR7yx","",10,3,3,"Female",2,"Staff",8,0,0,0,0,0,1,0,1,0,1,1,1,0,1,1,1,0,0,0
"689","R_2QnZ6KW7hKt2k1a","",13,4,NA,"Female",3,"Staff",12,0,0,1,1,0,1,1,1,1,1,1,1,0,0,1,1,1,0,0
"690","R_3qyfKILtnI7PjYC","",15,3,1,"Transgender female",3,"Staff",13,0,0,0,1,1,1,0,1,0,1,1,1,0,1,1,1,1,1,1
"691","R_r1hWyny3Cn6mDcJ","",14,3,1,"Female",3,"Staff",9,0,0,0,0,1,0,0,1,0,1,1,1,0,1,1,1,0,1,0
"692","R_vpPsDw04DJBGPiV","",13,4,1,"Female",1,"Staff",10,0,0,0,0,1,1,0,1,1,0,0,1,0,1,1,1,1,0,1
"693","R_1KkYqgh3M3bQOAb","",13,4,3,"Male",1,"Staff",9,0,0,1,1,0,1,0,1,0,1,1,1,0,0,1,1,0,0,0
"694","R_eRTzSfOJkrqmDfP","",11,4,3,"Male",4,"Staff",5,0,0,1,0,0,1,0,1,0,1,0,0,0,0,0,0,0,0,1
"695","R_2zoNcQvGH4LjSVP","",10,3,1,"Female",3,"Staff",8,0,0,0,0,1,1,0,0,1,1,1,1,1,0,0,1,0,0,0
"696","R_2vkvSNETMdmTqH7","",14,3,4,"Male",3,"Staff",9,0,0,0,0,1,1,0,1,1,1,1,0,0,1,0,1,1,0,0
"697","R_3fem1DUPJAgcrSy","",14,4,4,"Female",1,"Staff",11,0,0,0,1,1,1,0,1,0,1,1,1,0,1,0,1,1,0,1
"698","R_2Qfxss7RHQatoyr","",13,4,1,"Female",1,"Staff",6,0,0,0,0,0,1,0,0,1,1,0,1,0,1,1,0,0,0,0
"699","R_2CPR9iNVUA5Jlm2","",11,6,5,"Male",2,"Staff",12,1,1,1,1,0,0,0,1,1,1,1,1,0,1,1,1,0,0,0
"700","R_3Iat0eBTzkFxpuT","",14,5,1,"Female",1,"Staff",11,0,0,1,1,1,1,0,1,0,0,1,1,0,1,0,1,0,1,1
"701","R_1QL7EC8EP2ZL044","",17,3,2,"Female",3,"Staff",10,0,0,0,1,1,1,0,1,0,1,1,1,0,1,0,1,1,0,0
"702","R_3NBVxscgT3iFgzA","",17,4,2,"Female",1,"Staff",13,0,0,0,1,0,1,0,1,1,1,1,1,0,1,1,1,1,1,1
"703","R_3Ny1bDfILvQTYw6","",13,3,3,"Female",1,"Staff",14,0,0,1,1,1,1,0,1,0,1,1,1,1,1,1,1,0,1,1
"704","R_2fDq3mK3mj4Isb0","",8,4,4,"Male",3,"Staff",11,0,0,1,0,0,0,0,1,0,1,1,1,1,1,1,1,1,0,1
"705","R_42V18Qrx0mtwijf","",14,4,3,"Female",1,"Staff",10,0,0,0,1,0,1,0,1,0,1,1,1,0,1,1,1,1,0,0
"706","R_1ozfMUjtxfwfjwe","",20,4,5,"Male",1,"Staff",2,1,0,1,0,0,0,0,0,0,0,0,0,0,0,0,0,0,0,0
"707","R_1g89W2Xq08Kq086","",15,5,2,"Female",1,"Staff",18,0,1,1,1,1,1,1,1,1,1,1,1,1,1,1,1,1,1,1
"708","R_Y6qQCRLYUpLCsTv","",13,3,1,"Female",1,"Staff",10,0,0,0,0,0,1,0,1,1,1,1,1,1,0,1,1,0,1,0
"709","R_3NKge18dKALXHvm","",10,3,3,"Male",1,"Staff",13,0,1,0,1,0,0,0,1,1,1,1,1,1,1,1,1,1,0,1
"710","R_247xJNfGDivdOwQ","",10,5,1,"Male",3,"Staff",10,0,0,0,0,0,0,0,1,0,1,1,1,1,1,1,1,1,0,1
"711","R_1rPkKadJjCfXems","",14,3,3,"Female",3,"Staff",9,0,0,1,0,0,0,0,1,0,1,1,1,0,0,1,1,1,0,1
"712","R_2SGODY7Y9JCMDqX","",16,5,4,"Male",1,"Staff",6,0,0,1,0,1,1,0,0,1,1,0,0,0,0,1,0,0,0,0
"713","R_2uvxSLzKlkorWhI","",16,4,1,"Female",3,"Staff",10,0,0,0,0,1,1,0,1,0,1,1,1,0,1,1,1,1,0,0
"714","R_1omYxBEYrMlYR0a","",15,3,3,"Female",1,"Staff",4,0,0,1,0,0,0,1,0,0,0,0,0,0,1,1,0,0,0,0
"715","R_1hA0OsCvxLa1uhp","",16,4,3,"Female",1,"Staff",5,1,0,1,0,0,0,0,0,0,1,0,0,0,0,0,1,0,1,0
"716","R_1mz5uIWG29RAUbC","",18,3,1,"Male",1,"Staff",3,0,1,0,0,0,0,0,1,0,0,0,0,0,1,0,0,0,0,0
"717","R_yVAunQTp2CVFCCJ","",14,2,2,"Prefer not to say",3,"Staff",19,1,1,1,1,1,1,1,1,1,1,1,1,1,1,1,1,1,1,1
"718","R_3jYvTJM5VqqFjdn","",20,4,2,"Male",1,"Staff",3,0,0,1,1,0,0,0,0,0,0,0,0,1,0,0,0,0,0,0
"719","R_1DJ9atZBlwpGrS2","",15,2,4,"Male",2,"Staff",3,1,1,0,0,0,1,0,0,0,0,0,0,0,0,0,0,0,0,0
"720","R_U9f23RcQzIG5DBT","",15,2,4,"Male",3,"Staff",3,1,1,0,0,0,0,0,0,0,0,0,0,0,1,0,0,0,0,0
"721","R_24AW5sN9jstZSM7","",15,5,2,"Female",3,"Staff",6,1,0,1,0,0,0,0,0,0,1,1,0,0,1,0,0,0,1,0
"722","R_1Oy1Nmv0p6dGXTq","",12,4,1,"Female",3,"Staff",9,1,0,1,1,0,1,0,0,0,1,1,1,0,0,1,0,1,0,0
"723","R_Aum01SZ0QjdpsyJ","",14,2,2,"Female",3,"Staff",2,0,0,1,0,0,0,0,0,0,1,0,0,0,0,0,0,0,0,0
"724","R_OBGP8qAiEd6qBsR","",15,4,2,"Female",1,"Staff",10,1,1,1,1,0,0,1,0,0,1,1,0,0,1,1,0,0,1,0
"725","R_aa3ZFIMp3glSZvH","",20,3,1,"Male",1,"Staff",6,0,0,1,0,0,0,0,0,0,1,1,1,0,1,0,0,0,1,0
"726","R_3k6e1xTB5zBX7kp","",12,3,1,"Female",1,"Staff",6,1,0,0,1,0,0,0,0,0,1,0,1,0,1,0,0,0,0,1
"727","R_3iQ2LxG8UPDsJeF","",17,4,4,"Male",3,"Staff",3,0,0,1,0,0,0,0,1,1,0,0,0,0,0,0,0,0,0,0
"728","R_3k6SOGhUiEDbjBz","",13,5,2,"",1,"Staff",8,1,0,1,0,0,0,0,1,0,1,1,0,0,0,0,1,1,1,0
"729","R_3D2sDcrmEsiiVtR","",13,2,2,"Male",1,"Staff",13,1,0,1,0,1,0,1,0,1,1,1,1,0,1,1,1,1,1,0
"730","R_3e5l0XxSNR90377","",6,6,4,"Female",4,"Staff",6,0,0,0,0,0,0,0,1,0,1,0,1,0,1,0,1,1,0,0
"731","R_3DpFNB1VNrVWEbV","",12,3,3,"Female",2,"Staff",14,0,0,0,1,1,1,0,1,0,1,1,1,1,1,1,1,1,1,1
"732","R_xa4EMcOWTKsmvF7","",12,3,1,"Female",1,"Staff",10,0,0,0,1,0,0,1,1,1,1,1,1,0,1,1,1,0,0,0
"733","R_1eUXlhrAEBwgxMP","",12,4,2,"Female",3,"Staff",5,0,0,0,0,0,0,0,1,0,1,0,0,0,0,1,1,1,0,0
"734","R_1cYUpgWn2Yxhmgx","",13,4,2,"Female",1,"Staff",13,0,0,0,1,1,1,0,1,0,1,1,1,1,1,1,1,1,0,1
"735","R_31cs3evBbX3pyln","",12,6,4,"Female",2,"Staff",4,1,1,0,0,1,0,0,0,0,0,0,0,1,0,0,0,0,0,0
"736","R_231W8mIzJkMrw90","",13,5,2,"Female",2,"Staff",1,0,0,0,0,1,0,0,0,0,0,0,0,0,0,0,0,0,0,0
"737","R_Brdbn3k1wSHdJMB","",11,3,2,"Male",3,"Staff",4,1,0,1,0,0,0,0,0,0,0,0,0,0,0,1,0,0,1,0
"738","R_2EhJp1ZaMDquSG0","",15,3,1,"Male",3,"Staff",7,1,0,1,1,0,0,0,0,1,0,0,1,1,0,0,0,0,1,0
"739","R_1daZOJGlPAnq64X","",15,4,2,"Female",1,"Staff",9,0,0,1,0,0,0,0,0,0,1,1,1,1,0,1,1,1,1,0
"740","R_1dhoBdtfwF0XUHz","",15,5,2,"Female",3,"Staff",4,1,0,1,0,0,0,0,0,0,1,0,0,0,0,0,0,0,1,0
"741","R_CdEUG9RE1CgtGdr","",14,4,2,"Male",1,"Staff",9,1,0,1,0,0,0,0,0,0,1,1,0,1,1,1,1,0,1,0
"742","R_2t5uY1dTokOMfIL","",15,5,2,"Male",1,"Staff",4,1,0,1,0,0,0,0,0,0,1,0,0,0,0,1,0,0,0,0
"743","R_3pnkbVGxkmyWZ0H","",15,5,1,"Female",3,"Staff",6,1,0,1,1,0,0,0,0,0,1,1,0,0,0,0,0,0,1,0
"744","R_23KANjL2sDmcC7n","",15,3,1,"Male",1,"Staff",3,1,1,1,0,0,0,0,0,0,0,0,0,0,0,0,0,0,0,0
"745","R_2D8EgZefhu9gU8d","",16,4,2,"Male",3,"Staff",8,1,0,0,0,0,0,1,0,1,1,1,0,0,0,1,0,1,1,0
"746","R_2zcPhQ1RwfjQGnE","",16,6,4,"Male",1,"Staff",4,1,0,0,1,0,0,0,0,0,0,0,0,0,0,1,0,1,0,0
"747","R_OQiCnxsn93PIEQp","",13,4,2,"Male",1,"Staff",5,0,0,1,1,0,0,0,0,0,1,0,1,0,0,0,0,0,1,0
"748","R_oYRdNK3N46sE5ln","",18,5,4,"Male",3,"Staff",5,1,0,0,0,0,1,0,0,1,0,0,0,1,0,0,1,0,0,0
"749","R_tWk5BPJDIZJ54Zz","",15,6,1,"Male",3,"Staff",3,0,0,1,1,0,0,0,0,1,0,0,0,0,0,0,0,0,0,0
"750","R_1oFNjQgihC63JMI","",16,4,NA,"Male",3,"Staff",6,0,0,1,1,0,0,0,0,1,1,1,1,0,0,0,0,0,0,0
"751","R_aV1SBcoGsmAa15n","",17,6,2,"Female",1,"Staff",9,1,0,0,0,1,1,1,0,1,1,1,0,0,0,1,0,0,1,0
"752","R_21B98ruWx7WG3VN","",14,5,3,"Female",1,"Staff",11,0,0,1,1,1,1,1,0,1,1,1,1,0,1,0,0,0,1,0
"753","R_1rkpmsumtq7h72a","",12,3,4,"Female",2,"Staff",5,0,0,1,0,0,0,0,0,0,1,1,1,0,0,0,0,0,1,0
"754","R_VUaWfWazVCDM8yR","",12,3,3,"Female",2,"Staff",7,1,0,1,0,1,0,0,0,0,1,1,1,1,0,0,0,0,0,0
"755","R_pRhixl3ry0jZVT3","",18,5,2,"Female",1,"Staff",8,0,0,1,0,0,0,1,1,0,0,0,0,0,1,1,1,1,1,0
"756","R_1d1fWWh2p05jTmo","",15,4,1,"Male",2,"Staff",4,0,0,1,0,0,0,0,0,0,1,0,0,0,0,1,1,0,0,0
"757","R_1ib1ItquHhDRonM","",13,3,2,"Female",1,"Staff",2,1,0,1,0,0,0,0,0,0,0,0,0,0,0,0,0,0,0,0
"758","R_2wAebBuvpkC0WTI","",10,5,1,"Female",1,"Staff",6,1,0,1,1,0,0,0,0,0,1,1,0,0,0,0,0,0,1,0
"759","R_1pxm4pCkVtokMH9","",14,3,2,"Female",1,"Staff",4,1,0,1,0,0,0,0,0,1,0,0,0,0,0,0,1,0,0,0
"760","R_2VjtX59Q0IyLRNr","",16,3,1,"Male",1,"Staff",9,1,0,0,1,0,0,1,0,1,0,0,0,0,1,1,1,1,1,0
"761","R_1DGtzEaKKs4aNDX","",14,5,2,"Male",1,"Staff",4,0,0,0,1,0,0,0,0,1,0,0,0,0,0,1,0,0,0,1
"762","R_6tGERFUz7TQ10op","",18,5,3,"Female",3,"Staff",4,0,0,0,1,0,0,0,0,0,1,0,0,0,0,1,0,0,0,1
"763","R_2Uh0wOI5IgxDgtK","",20,3,4,"Male",1,"Staff",6,0,0,1,0,0,1,0,0,1,0,0,0,0,0,1,0,1,1,0
"764","R_3kIkPvFjoH5WPJn","",12,2,2,"Male",2,"Staff",4,1,0,0,0,0,0,0,0,0,0,1,1,0,1,0,0,0,0,0
"765","R_3dw4vcT1hz2GhBn","",16,3,4,"Male",1,"Staff",3,0,0,0,0,0,0,0,0,0,0,0,1,0,0,1,1,0,0,0
"766","R_3sumSBsI54abcUB","",16,4,2,"Female",1,"Staff",8,0,0,1,0,1,0,0,1,1,1,0,1,0,0,1,1,0,0,0
"767","R_1CHYBBAai66oeWM","",16,4,1,"Male",1,"Staff",8,1,0,1,1,0,0,0,0,0,1,1,0,1,1,0,1,0,0,0
"768","R_2659wliipRgFwUy","",17,3,2,"Female",3,"Staff",7,1,0,1,0,0,0,1,0,0,0,0,0,0,0,1,1,1,1,0
"769","R_ZxCT1q51mx7uxzz","",18,4,1,"Female",1,"Staff",10,0,0,1,0,0,1,1,0,1,1,1,0,0,1,1,1,0,1,0
"770","R_3PEP9g965EIGaYy","",18,3,1,"Female",1,"Staff",1,1,0,0,0,0,0,0,0,0,0,0,0,0,0,0,0,0,0,0
"771","R_3D6HdJ8y1ThdBdi","",14,3,2,"Male",1,"Staff",2,0,1,0,0,0,0,0,0,0,0,0,0,0,0,0,1,0,0,0
"772","R_AbOPVb0jTM9Wu09","",18,4,2,"Male",3,"Staff",5,0,0,1,0,0,0,0,0,0,0,0,0,0,0,1,1,1,1,0
"773","R_XjKT0013S4Wslkl","",17,3,3,"Female",3,"Staff",5,0,0,1,1,0,0,0,0,0,1,0,0,0,1,1,0,0,0,0
"774","R_1LHg06rF7H5lBMV","",20,5,1,"Male",1,"Staff",5,1,0,0,1,0,0,0,0,0,0,1,0,0,1,0,0,0,0,1
