"","SURVEY_ITERATION","GW_BELIEF","GW_KNOWLEDGE","FRACKING_EFFECT_ENVIRONMENT","SCIENCE_TRUST","DEMOG_EDU","DEMOG_POLPARTY"
"1","FALL2015",1,"2","2","1",4,4
"2","FALL2015",1,"2","98","2",2,1
"3","FALL2015",2,"2","2","3",4,1
"4","FALL2015",1,"1","2","1",4,4
"5","FALL2015",1,"2","98","2",2,99
"6","FALL2015",1,"2","2","2",4,1
"7","FALL2015",1,"2","2","1",3,1
"8","FALL2015",1,"1","2","98",4,4
"9","FALL2015",1,"2","3","1",4,2
"10","FALL2015",2,"2","98","3",4,1
"11","FALL2015",1,"2","1","2",5,1
"12","FALL2015",1,"1","2","1",4,3
"13","FALL2015",1,"2","98","98",5,2
"14","FALL2015",2,"1","1","4",2,1
"15","FALL2015",1,"1","2","1",3,1
"16","FALL2015",1,"2","2","1",2,4
"17","FALL2015",98,"2","2","3",2,1
"18","FALL2015",1,"3","2","2",4,1
"19","FALL2015",1,"2","98","2",2,1
"20","FALL2015",1,"2","1","2",2,2
"21","FALL2015",2,"2","3","3",5,4
"22","FALL2015",98,"2","98","2",4,4
"23","FALL2015",1,"3","2","3",4,2
"24","FALL2015",2,"2","98","4",3,2
"25","FALL2015",98,"2","2","3",3,4
"26","FALL2015",1,"2","98","2",3,99
"27","FALL2015",1,"1","2","1",3,4
"28","FALL2015",1,"3","98","2",3,1
"29","FALL2015",2,"1","3","4",2,4
"30","FALL2015",98,"3","98","1",5,99
"31","FALL2015",1,"2","1","2",1,1
"32","FALL2015",1,"3","2","2",2,1
"33","FALL2015",1,"3","98","3",3,1
"34","FALL2015",1,"1","2","1",4,4
"35","FALL2015",1,"3","2","3",2,4
"36","FALL2015",1,"2","2","2",2,4
"37","FALL2015",2,"3","98","3",2,4
"38","FALL2015",2,"4","98","4",2,2
"39","FALL2015",1,"3","2","2",4,2
"40","FALL2015",1,"1","2","1",5,2
"41","FALL2015",1,"1","2","2",4,4
"42","FALL2015",1,"3","2","2",1,2
"43","FALL2015",98,"1","3","4",4,2
"44","FALL2015",1,"2","98","1",4,1
"45","FALL2015",1,"2","2","1",5,1
"46","FALL2015",2,"4","1","3",2,99
"47","FALL2015",98,"2","1","2",4,1
"48","FALL2015",98,"2","2","2",5,1
"49","FALL2015",1,"2","2","2",5,1
"50","FALL2015",1,"2","98","98",2,1
"51","FALL2015",1,"2","98","1",2,2
"52","FALL2015",1,"1","3","1",3,1
"53","FALL2015",1,"1","2","2",4,3
"54","FALL2015",1,"2","98","1",5,2
"55","FALL2015",1,"2","2","2",4,1
"56","FALL2015",1,"2","98","2",2,98
"57","FALL2015",1,"1","2","1",5,1
"58","FALL2015",1,"1","98","2",3,2
"59","FALL2015",2,"1","3","1",5,98
"60","FALL2015",2,"2","1","4",1,2
"61","FALL2015",1,"4","2","2",1,2
"62","FALL2015",1,"2","2","3",2,4
"63","FALL2015",1,"2","2","2",2,4
"64","FALL2015",1,"2","98","2",3,1
"65","FALL2015",1,"2","98","2",4,4
"66","FALL2015",1,"3","2","1",5,1
"67","FALL2015",1,"1","2","1",4,1
"68","FALL2015",1,"2","2","2",4,4
"69","FALL2015",98,"1","2","1",3,1
"70","FALL2015",2,"2","3","3",3,4
"71","FALL2015",1,"1","2","1",3,2
"72","FALL2015",1,"2","2","2",5,4
"73","FALL2015",1,"3","2","2",3,1
"74","FALL2015",2,"1","2","1",5,1
"75","FALL2015",1,"1","2","1",4,2
"76","FALL2015",98,"2","98","2",1,99
"77","FALL2015",1,"2","2","3",4,1
"78","FALL2015",2,"2","2","2",2,4
"79","FALL2015",1,"2","98","2",4,99
"80","FALL2015",2,"2","2","3",3,4
"81","FALL2015",2,"2","3","4",4,2
"82","FALL2015",98,"3","98","98",2,4
"83","FALL2015",1,"2","1","1",2,99
"84","FALL2015",98,"2","2","4",2,1
"85","FALL2015",1,"3","2","2",2,2
"86","FALL2015",1,"1","2","1",4,1
"87","FALL2015",1,"1","2","98",4,2
"88","FALL2015",1,"2","2","2",3,4
"89","FALL2015",2,"2","1","3",2,2
"90","FALL2015",1,"1","98","1",5,1
"91","FALL2015",1,"1","2","1",3,4
"92","FALL2015",1,"2","1","2",2,2
"93","FALL2015",2,"2","98","1",4,1
"94","FALL2015",2,"1","2","1",4,2
"95","FALL2015",1,"2","2","1",3,1
"96","FALL2015",1,"2","98","1",2,1
"97","FALL2015",1,"2","98","2",3,1
"98","FALL2015",1,"1","98","2",5,4
"99","FALL2015",1,"2","3","2",3,2
"100","FALL2015",2,"1","2","2",4,2
"101","FALL2015",1,"2","98","1",4,1
"102","FALL2015",1,"1","2","4",5,4
"103","FALL2015",98,"2","2","2",4,2
"104","FALL2015",1,"2","1","1",4,4
"105","FALL2015",1,"1","2","2",5,1
"106","FALL2015",98,"1","2","2",3,4
"107","FALL2015",2,"2","98","2",4,2
"108","FALL2015",2,"2","3","2",3,4
"109","FALL2015",1,"2","98","2",1,2
"110","FALL2015",1,"1","2","2",5,4
"111","FALL2015",1,"2","1","2",2,4
"112","FALL2015",1,"1","2","1",3,1
"113","FALL2015",1,"2","2","2",4,4
"114","FALL2015",1,"2","1","2",2,1
"115","FALL2015",1,"1","2","2",5,1
"116","FALL2015",1,"2","98","2",4,4
"117","FALL2015",1,"1","2","1",3,1
"118","FALL2015",2,"2","2","3",2,1
"119","FALL2015",98,"2","1","2",2,2
"120","FALL2015",2,"2","3","2",2,4
"121","FALL2015",1,"1","1","2",4,4
"122","FALL2015",1,"2","2","1",4,1
"123","FALL2015",98,"3","98","98",3,4
"124","FALL2015",1,"2","1","2",2,1
"125","FALL2015",1,"2","2","2",2,1
"126","FALL2015",1,"1","2","1",3,3
"127","FALL2015",1,"2","2","2",2,4
"128","FALL2015",1,"1","2","98",4,3
"129","FALL2015",1,"2","2","4",2,4
"130","FALL2015",1,"2","2","2",2,1
"131","FALL2015",1,"2","2","3",3,2
"132","FALL2015",1,"98","2","1",5,3
"133","FALL2015",1,"2","1","2",4,1
"134","FALL2015",1,"1","1","1",2,1
"135","FALL2015",1,"2","3","2",2,4
"136","FALL2015",1,"2","98","2",2,2
"137","FALL2015",2,"2","3","3",2,2
"138","FALL2015",2,"1","3","4",5,4
"139","FALL2015",1,"2","2","2",3,2
"140","FALL2015",1,"3","1","4",2,1
"141","FALL2015",1,"1","2","1",3,1
"142","FALL2015",1,"2","98","2",2,1
"143","FALL2015",2,"2","2","4",2,4
"144","FALL2015",1,"1","1","3",3,1
"145","FALL2015",1,"3","2","1",3,1
"146","FALL2015",2,"2","3","4",3,2
"147","FALL2015",98,"3","98","2",2,2
"148","FALL2015",1,"2","98","2",4,2
"149","FALL2015",1,"2","3","2",4,4
"150","FALL2015",98,"3","98","2",2,4
"151","FALL2015",1,"1","3","1",5,2
"152","FALL2015",98,"2","3","1",3,2
"153","FALL2015",1,"2","1","2",2,99
"154","FALL2015",2,"2","2","2",3,3
"155","FALL2015",1,"1","2","2",2,1
"156","FALL2015",2,"1","2","3",4,1
"157","FALL2015",1,"1","2","1",4,1
"158","FALL2015",1,"2","3","2",5,1
"159","FALL2015",1,"1","2","1",4,99
"160","FALL2015",1,"2","98","3",1,2
"161","FALL2015",1,"2","2","2",4,1
"162","FALL2015",98,"2","98","3",2,2
"163","FALL2015",1,"1","2","1",5,1
"164","FALL2015",1,"2","98","3",4,2
"165","FALL2015",98,"2","2","2",5,4
"166","FALL2015",2,"1","3","3",3,4
"167","FALL2015",1,"1","2","1",3,1
"168","FALL2015",1,"2","2","2",2,3
"169","FALL2015",1,"2","2","1",5,1
"170","FALL2015",1,"2","98","2",2,99
"171","FALL2015",1,"1","2","1",3,1
"172","FALL2015",1,"2","98","2",1,4
"173","FALL2015",98,"2","2","2",1,1
"174","FALL2015",1,"2","3","2",3,4
"175","FALL2015",2,"1","98","3",4,4
"176","FALL2015",1,"1","2","2",2,4
"177","FALL2015",2,"2","2","98",4,4
"178","FALL2015",1,"1","2","1",5,1
"179","FALL2015",1,"2","2","1",4,4
"180","FALL2015",2,"2","3","4",4,2
"181","FALL2015",1,"2","2","1",4,2
"182","FALL2015",1,"3","98","2",2,4
"183","FALL2015",98,"2","2","98",2,1
"184","FALL2015",1,"2","2","1",3,2
"185","FALL2015",98,"3","98","4",2,1
"186","FALL2015",1,"1","2","4",3,2
"187","FALL2015",1,"2","2","2",3,2
"188","FALL2015",2,"2","2","3",2,4
"189","FALL2015",98,"2","98","1",2,4
"190","FALL2015",1,"2","98","2",4,4
"191","FALL2015",2,"3","2","4",3,3
"192","FALL2015",2,"2","98","2",5,2
"193","FALL2015",1,"1","2","1",4,1
"194","FALL2015",1,"1","98","98",3,99
"195","FALL2015",2,"3","2","3",3,1
"196","FALL2015",1,"2","2","2",4,1
"197","FALL2015",1,"2","2","2",4,1
"198","FALL2015",1,"2","2","2",3,4
"199","FALL2015",1,"1","2","2",3,1
"200","FALL2015",2,"1","3","2",4,1
"201","FALL2015",1,"2","2","3",3,4
"202","FALL2015",2,"2","3","4",2,4
"203","FALL2015",1,"2","98","98",4,99
"204","FALL2015",98,"2","98","2",2,2
"205","FALL2015",1,"2","1","2",4,2
"206","FALL2015",2,"1","3","98",4,4
"207","FALL2015",1,"1","2","1",4,1
"208","FALL2015",1,"2","2","2",4,1
"209","FALL2015",1,"2","2","2",4,3
"210","FALL2015",1,"1","2","1",3,1
"211","FALL2015",1,"1","2","1",4,99
"212","FALL2015",1,"2","3","2",2,1
"213","FALL2015",1,"2","3","2",2,1
"214","FALL2015",98,"2","2","1",2,1
"215","FALL2015",1,"98","2","98",5,1
"216","FALL2015",1,"1","1","1",5,1
"217","FALL2015",1,"2","1","2",1,4
"218","FALL2015",1,"1","3","2",3,4
"219","FALL2015",1,"98","98","1",2,1
"220","FALL2015",2,"3","2","4",3,2
"221","FALL2015",98,"2","2","1",3,4
"222","FALL2015",1,"2","2","2",4,4
"223","FALL2015",1,"2","98","2",2,4
"224","FALL2015",1,"1","2","1",4,2
"225","FALL2015",2,"1","1","98",3,2
"226","FALL2015",1,"3","2","2",2,1
"227","FALL2015",1,"2","1","1",3,99
"228","FALL2015",1,"2","3","2",2,4
"229","FALL2015",2,"2","1","3",2,2
"230","FALL2015",1,"2","98","2",2,99
"231","FALL2015",2,"2","3","4",4,2
"232","FALL2015",1,"1","1","1",4,1
"233","FALL2015",1,"2","2","2",4,4
"234","FALL2015",1,"3","98","2",3,1
"235","FALL2015",1,"2","1","1",4,2
"236","FALL2015",1,"2","2","2",4,2
"237","FALL2015",1,"2","2","2",4,2
"238","FALL2015",1,"2","2","2",3,2
"239","FALL2015",2,"1","3","98",5,2
"240","FALL2015",2,"1","3","3",4,2
"241","FALL2015",1,"1","98","1",5,4
"242","FALL2015",1,"2","2","1",5,1
"243","FALL2015",2,"2","3","4",3,2
"244","FALL2015",2,"2","3","4",4,2
"245","FALL2015",1,"1","2","1",5,99
"246","FALL2015",98,"2","2","4",1,1
"247","FALL2015",1,"2","2","2",4,2
"248","FALL2015",1,"2","2","1",4,4
"249","FALL2015",1,"2","1","3",3,1
"250","FALL2015",1,"2","2","2",4,4
"251","FALL2015",1,"1","2","1",3,1
"252","FALL2015",1,"2","2","3",2,1
"253","FALL2015",1,"2","2","3",2,4
"254","FALL2015",1,"2","2","1",3,4
"255","FALL2015",1,"2","98","1",2,2
"256","FALL2015",98,"2","2","2",3,1
"257","FALL2015",1,"4","98","4",5,2
"258","FALL2015",1,"1","3","2",3,1
"259","FALL2015",1,"2","1","2",4,2
"260","FALL2015",1,"1","2","1",3,3
"261","FALL2015",1,"2","2","1",3,1
"262","FALL2015",98,"2","2","4",1,1
"263","FALL2015",1,"1","3","2",4,4
"264","FALL2015",1,"3","1","2",3,2
"265","FALL2015",1,"2","2","3",2,4
"266","FALL2015",1,"1","3","1",5,2
"267","FALL2015",1,"2","2","3",2,1
"268","FALL2015",2,"2","3","3",5,4
"269","FALL2015",1,"1","2","98",4,99
"270","FALL2015",1,"2","2","3",4,1
"271","FALL2015",1,"2","2","2",4,4
"272","FALL2015",1,"2","1","4",1,98
"273","FALL2015",1,"1","2","1",5,1
"274","FALL2015",1,"2","1","2",3,2
"275","FALL2015",1,"2","2","1",3,1
"276","FALL2015",98,"2","98","1",2,3
"277","FALL2015",2,"1","2","4",3,2
"278","FALL2015",1,"2","1","1",4,2
"279","FALL2015",1,"2","2","2",2,1
"280","FALL2015",1,"1","98","2",4,3
"281","FALL2015",1,"1","2","1",3,3
"282","FALL2015",1,"2","1","1",3,4
"283","FALL2015",1,"2","2","1",5,4
"284","FALL2015",1,"1","2","1",4,4
"285","FALL2015",2,"2","2","3",3,4
"286","FALL2015",1,"2","98","2",4,4
"287","FALL2015",1,"2","1","2",5,4
"288","FALL2015",98,"2","98","98",3,1
"289","FALL2015",1,"2","2","3",3,4
"290","FALL2015",98,"2","98","98",2,98
"291","FALL2015",2,"3","3","4",3,2
"292","FALL2015",98,"2","2","1",2,98
"293","FALL2015",98,"2","2","2",4,99
"294","FALL2015",1,"2","2","2",1,1
"295","FALL2015",1,"2","2","1",2,1
"296","FALL2015",98,"1","3","2",3,2
"297","FALL2015",1,"1","2","1",4,1
"298","FALL2015",1,"2","2","1",4,1
"299","FALL2015",98,"2","2","4",1,2
"300","FALL2015",1,"2","2","1",4,2
"301","FALL2015",1,"2","2","2",3,2
"302","FALL2015",98,"2","2","3",2,1
"303","FALL2015",2,"1","3","2",5,2
"304","FALL2015",2,"2","2","2",2,2
"305","FALL2015",2,"2","98","2",4,4
"306","FALL2015",1,"98","98","98",3,98
"307","FALL2015",1,"2","98","1",2,98
"308","FALL2015",1,"2","2","2",4,1
"309","FALL2015",1,"1","98","4",4,2
"310","FALL2015",1,"1","98","98",3,4
"311","FALL2015",1,"1","3","1",4,1
"312","FALL2015",1,"1","2","2",3,2
"313","FALL2015",1,"2","1","2",3,1
"314","FALL2015",1,"2","3","2",4,2
"315","FALL2015",1,"98","98","98",1,2
"316","FALL2015",98,"2","2","3",3,2
"317","FALL2015",1,"2","1","2",2,2
"318","FALL2015",1,"1","98","1",5,4
"319","FALL2015",1,"2","2","3",3,2
"320","FALL2015",1,"2","3","2",2,1
"321","FALL2015",1,"1","2","1",4,1
"322","FALL2015",2,"2","2","2",4,2
"323","FALL2015",1,"1","99","2",99,99
"324","FALL2015",1,"2","98","2",5,2
"325","FALL2015",98,"2","2","2",3,1
"326","FALL2015",1,"2","1","2",3,2
"327","FALL2015",1,"1","2","1",5,1
"328","FALL2015",1,"2","98","2",2,1
"329","FALL2015",1,"1","2","3",5,3
"330","FALL2015",2,"2","98","3",3,4
"331","FALL2015",1,"2","3","2",4,1
"332","FALL2015",2,"2","3","4",3,2
"333","FALL2015",1,"1","2","1",1,1
"334","FALL2015",1,"1","2","98",3,2
"335","FALL2015",98,"3","1","98",99,99
"336","FALL2015",2,"3","98","3",5,2
"337","FALL2015",1,"3","1","3",2,2
"338","FALL2015",1,"2","2","1",5,4
"339","FALL2015",2,"3","98","3",3,2
"340","FALL2015",1,"2","3","2",4,98
"341","FALL2015",1,"2","98","2",2,4
"342","FALL2015",2,"1","2","2",3,2
"343","FALL2015",2,"2","2","2",1,4
"344","FALL2015",2,"3","2","1",5,4
"345","FALL2015",98,"2","1","3",1,1
"346","FALL2015",1,"2","98","2",4,2
"347","FALL2015",1,"1","2","1",5,4
"348","FALL2015",2,"3","2","4",3,4
"349","FALL2015",1,"1","2","2",5,98
"350","FALL2015",98,"2","2","3",4,4
"351","FALL2015",1,"2","2","3",4,2
"352","FALL2015",2,"2","2","3",2,2
"353","FALL2015",1,"98","98","98",98,98
"354","FALL2015",1,"2","1","2",4,2
"355","FALL2015",1,"3","3","2",5,2
"356","FALL2015",1,"2","98","1",5,4
"357","FALL2015",2,"1","2","2",4,98
"358","FALL2015",1,"2","2","1",5,1
"359","FALL2015",1,"2","1","1",4,1
"360","FALL2015",1,"2","2","2",4,2
"361","FALL2015",2,"1","98","2",2,4
"362","FALL2015",1,"2","2","2",3,1
"363","FALL2015",98,"98","98","98",2,98
"364","FALL2015",1,"2","2","3",3,1
"365","FALL2015",1,"2","2","1",4,1
"366","FALL2015",98,"3","98","98",3,98
"367","FALL2015",1,"2","2","2",4,3
"368","FALL2015",1,"2","2","2",3,1
"369","FALL2015",98,"2","98","2",4,1
"370","FALL2015",1,"98","98","98",98,98
"371","FALL2015",1,"1","2","1",5,4
"372","FALL2015",1,"2","98","4",1,1
"373","FALL2015",1,"2","1","2",4,1
"374","FALL2015",1,"1","2","2",4,2
"375","FALL2015",1,"2","2","2",4,1
"376","FALL2015",1,"2","3","1",2,1
"377","FALL2015",2,"3","2","2",4,4
"378","FALL2015",1,"2","98","2",3,2
"379","FALL2015",1,"2","2","4",2,1
"380","FALL2015",2,"2","2","2",3,3
"381","FALL2015",1,"2","2","4",2,1
"382","FALL2015",2,"1","3","4",3,2
"383","FALL2015",98,"2","3","2",4,4
"384","FALL2015",98,"2","98","98",2,2
"385","FALL2015",2,"1","3","3",4,4
"386","FALL2015",1,"2","98","2",5,1
"387","FALL2015",1,"4","98","98",4,2
"388","FALL2015",1,"2","3","2",4,1
"389","FALL2015",1,"4","3","98",1,1
"390","FALL2015",1,"1","1","4",5,1
"391","FALL2015",1,"2","98","2",5,4
"392","FALL2015",1,"1","2","1",5,1
"393","FALL2015",1,"2","1","1",4,4
"394","FALL2015",2,"2","3","2",5,3
"395","FALL2015",1,"2","98","98",99,4
"396","FALL2015",1,"1","2","4",3,99
"397","FALL2015",1,"2","1","2",3,1
"398","FALL2015",1,"2","2","3",2,2
"399","FALL2015",1,"2","98","4",3,4
"400","FALL2015",2,"2","3","2",3,1
"401","FALL2015",1,"1","2","1",3,1
"402","FALL2015",2,"1","3","4",4,2
"403","FALL2015",98,"2","98","4",3,98
"404","FALL2015",1,"3","2","1",5,1
"405","FALL2015",1,"2","2","2",4,98
"406","FALL2015",98,"3","98","98",3,4
"407","FALL2015",1,"2","98","2",1,2
"408","FALL2015",1,"2","2","2",2,4
"409","FALL2015",1,"3","98","2",2,99
"410","FALL2015",1,"4","98","98",3,2
"411","FALL2015",1,"2","98","3",4,98
"412","FALL2015",98,"2","1","2",3,2
"413","FALL2015",1,"2","2","2",3,1
"414","FALL2015",98,"2","2","98",4,2
"415","FALL2015",1,"2","2","2",5,4
"416","FALL2015",1,"2","2","1",5,1
"417","FALL2015",1,"1","2","1",2,1
"418","FALL2015",98,"2","98","98",2,2
"419","FALL2015",1,"2","98","98",2,98
"420","FALL2015",1,"1","98","1",3,1
"421","FALL2015",98,"2","3","1",4,2
"422","FALL2015",1,"1","2","2",5,4
"423","FALL2015",1,"1","1","3",3,4
"424","FALL2015",2,"2","2","3",5,2
"425","FALL2015",2,"98","98","98",2,99
"426","FALL2015",1,"1","2","3",3,1
"427","FALL2015",98,"1","2","1",5,4
"428","FALL2015",1,"2","2","1",4,1
"429","FALL2015",2,"2","98","3",3,2
"430","FALL2015",1,"2","98","2",3,4
"431","FALL2015",2,"1","2","4",2,1
"432","FALL2015",1,"2","2","2",4,2
"433","FALL2015",1,"2","2","4",3,1
"434","FALL2015",1,"2","2","4",4,4
"435","FALL2015",1,"1","3","2",4,4
"436","FALL2015",1,"2","2","2",2,4
"437","FALL2015",2,"3","3","4",4,2
"438","FALL2015",2,"1","3","3",4,4
"439","FALL2015",1,"2","2","1",2,4
"440","FALL2015",2,"1","3","3",3,4
"441","FALL2015",2,"2","98","3",2,4
"442","FALL2015",1,"2","98","1",5,2
"443","FALL2015",1,"1","3","3",4,2
"444","FALL2015",98,"2","2","2",3,4
"445","FALL2015",2,"2","3","4",3,2
"446","FALL2015",1,"2","2","1",4,1
"447","FALL2015",1,"2","2","2",4,1
"448","FALL2015",1,"2","98","2",2,2
"449","FALL2015",98,"2","1","2",2,1
"450","FALL2015",2,"3","1","4",4,4
"451","FALL2015",2,"2","3","4",4,2
"452","FALL2015",1,"2","98","2",3,2
"453","FALL2015",1,"2","2","2",3,4
"454","FALL2015",1,"1","2","1",4,4
"455","FALL2015",1,"2","2","2",2,4
"456","FALL2015",98,"2","2","3",2,2
"457","FALL2015",1,"4","98","3",2,2
"458","FALL2015",1,"2","2","1",4,4
"459","FALL2015",1,"2","1","2",5,2
"460","FALL2015",1,"2","2","2",4,4
"461","FALL2015",1,"1","2","1",5,1
"462","FALL2015",1,"2","2","1",5,4
"463","FALL2015",1,"2","2","1",4,1
"464","FALL2015",1,"1","2","1",5,1
"465","FALL2015",1,"1","2","1",4,1
"466","FALL2015",1,"2","98","2",2,1
"467","FALL2015",1,"2","3","1",2,4
"468","FALL2015",1,"2","2","1",3,3
"469","FALL2015",1,"2","2","2",5,2
"470","FALL2015",2,"1","1","4",4,4
"471","FALL2015",1,"2","98","2",4,99
"472","FALL2015",1,"2","2","1",5,4
"473","FALL2015",1,"3","98","98",3,98
"474","FALL2015",1,"2","98","2",2,1
"475","FALL2015",98,"2","98","2",2,2
"476","FALL2015",1,"1","98","1",2,1
"477","FALL2015",2,"2","98","2",2,99
"478","FALL2015",1,"3","3","2",3,2
"479","FALL2015",98,"2","2","1",4,2
"480","FALL2015",1,"2","2","3",1,4
"481","FALL2015",2,"2","98","3",3,4
"482","FALL2015",1,"2","2","4",2,1
"483","FALL2015",1,"2","2","2",3,1
"484","FALL2015",2,"99","98","4",3,2
"485","FALL2015",1,"1","2","1",4,4
"486","FALL2015",1,"1","2","2",5,2
"487","FALL2015",1,"1","1","2",4,1
"488","FALL2015",1,"1","98","1",5,1
"489","FALL2015",98,"2","2","2",2,2
"490","FALL2015",2,"2","2","4",4,1
"491","FALL2015",2,"2","2","2",4,4
"492","FALL2015",98,"1","1","2",4,4
"493","FALL2015",1,"2","2","1",4,2
"494","FALL2015",1,"2","2","1",4,99
"495","FALL2015",1,"1","2","2",5,4
"496","FALL2015",1,"2","98","98",5,4
"497","FALL2015",1,"1","98","98",2,2
"498","FALL2015",1,"1","2","2",5,4
"499","FALL2015",1,"2","2","4",3,1
"500","FALL2015",1,"3","2","2",2,99
"501","FALL2015",1,"1","1","1",3,4
"502","FALL2015",98,"2","98","1",4,2
"503","FALL2015",98,"4","98","3",5,2
"504","FALL2015",1,"2","3","2",3,2
"505","FALL2015",1,"2","2","3",2,1
"506","FALL2015",1,"3","2","2",5,99
"507","FALL2015",1,"2","3","2",4,4
"508","FALL2015",2,"1","3","1",4,3
"509","FALL2015",2,"2","3","4",3,2
"510","FALL2015",2,"3","2","1",4,1
"511","FALL2015",1,"3","98","98",2,2
"512","FALL2015",2,"3","2","2",1,1
"513","FALL2015",1,"1","2","2",4,2
"514","FALL2015",1,"1","2","1",3,4
"515","FALL2015",1,"2","98","2",1,1
"516","FALL2015",2,"2","2","2",4,4
"517","FALL2015",1,"3","2","1",2,4
"518","FALL2015",2,"3","2","1",3,1
"519","FALL2015",1,"1","98","98",5,4
"520","FALL2015",1,"2","98","1",5,1
"521","FALL2015",98,"2","2","3",2,1
"522","FALL2015",98,"1","2","2",4,4
"523","FALL2015",98,"2","2","98",3,3
"524","FALL2015",2,"1","2","4",5,2
"525","FALL2015",98,"2","2","4",2,4
"526","FALL2015",1,"2","2","1",4,1
"527","FALL2015",1,"2","98","2",4,1
"528","FALL2015",2,"2","3","3",4,2
"529","FALL2015",1,"2","2","1",5,4
"530","FALL2015",1,"1","2","1",5,4
"531","FALL2015",1,"3","98","2",1,98
"532","FALL2015",1,"2","3","1",2,2
"533","FALL2015",1,"2","2","1",3,3
"534","FALL2015",1,"2","2","2",3,1
"535","FALL2015",1,"2","2","2",5,2
"536","FALL2015",1,"3","1","2",4,98
"537","FALL2015",2,"3","98","2",2,2
"538","FALL2015",2,"3","98","4",4,4
"539","FALL2015",98,"2","98","2",3,2
"540","FALL2015",98,"1","3","2",5,2
"541","FALL2015",1,"2","2","1",3,1
"542","FALL2015",1,"1","2","2",5,1
"543","FALL2015",1,"1","2","1",5,4
"544","FALL2015",1,"2","2","3",2,2
"545","FALL2015",98,"3","1","4",3,2
"546","FALL2015",1,"3","2","1",2,3
"547","FALL2015",1,"4","1","3",2,4
"548","FALL2015",2,"4","98","2",5,4
"549","FALL2015",98,"2","2","2",4,2
"550","FALL2015",1,"2","3","4",4,2
"551","FALL2015",1,"2","1","98",5,1
"552","FALL2015",1,"3","3","2",5,2
"553","FALL2015",2,"1","3","3",3,2
"554","FALL2015",98,"2","2","3",3,2
"555","FALL2015",2,"2","98","3",4,4
"556","FALL2015",1,"2","98","3",3,2
"557","FALL2015",1,"2","2","1",4,2
"558","FALL2015",1,"2","98","2",4,4
"559","FALL2015",98,"2","98","2",1,98
"560","FALL2015",2,"2","2","4",3,2
"561","FALL2015",1,"2","2","1",4,2
"562","FALL2015",1,"2","3","2",3,1
"563","FALL2015",1,"1","2","3",5,4
"564","FALL2015",1,"2","98","2",4,1
"565","FALL2015",1,"2","2","2",4,4
"566","FALL2015",1,"2","1","2",4,4
"567","FALL2015",1,"1","2","2",5,1
"568","FALL2015",1,"1","2","1",5,1
"569","FALL2015",1,"2","2","2",2,4
"570","FALL2015",1,"2","2","2",3,1
"571","FALL2015",1,"1","2","2",2,99
"572","FALL2015",1,"2","2","3",4,1
"573","FALL2015",98,"3","98","98",3,1
"574","FALL2015",1,"1","1","2",3,99
"575","FALL2015",1,"2","98","98",2,4
"576","FALL2015",1,"1","2","1",3,1
"577","FALL2015",1,"2","98","1",4,2
"578","FALL2015",1,"2","1","2",3,1
"579","FALL2015",1,"2","1","2",3,4
"580","FALL2015",1,"1","2","2",4,3
"581","FALL2015",1,"1","2","2",5,99
"582","FALL2015",1,"1","2","1",4,4
"583","FALL2015",1,"1","2","1",4,4
"584","FALL2015",1,"3","98","2",3,98
"585","FALL2015",1,"98","98","98",2,1
"586","FALL2015",1,"2","2","2",2,2
"587","FALL2015",1,"2","2","3",3,2
"588","FALL2015",1,"3","2","2",3,4
"589","FALL2015",1,"2","2","1",3,4
"590","FALL2015",98,"2","2","4",2,4
"591","FALL2015",1,"1","2","2",1,4
"592","FALL2015",1,"1","2","98",99,99
"593","FALL2015",1,"2","2","3",2,1
"594","FALL2015",1,"2","2","3",2,2
"595","FALL2015",1,"1","2","2",4,1
"596","FALL2015",1,"3","99","2",5,1
"597","FALL2015",98,"2","3","3",5,2
"598","FALL2015",2,"2","3","2",3,4
"599","FALL2015",1,"3","98","2",3,1
"600","FALL2015",1,"3","98","1",1,4
"601","FALL2015",1,"2","2","2",4,99
"602","FALL2015",1,"1","2","1",2,1
"603","FALL2015",1,"1","2","1",2,3
"604","FALL2015",2,"2","2","3",2,2
"605","FALL2015",1,"1","2","1",5,1
"606","FALL2015",1,"2","1","3",2,3
"607","FALL2015",1,"1","2","2",4,1
"608","FALL2015",1,"98","98","98",1,98
"609","FALL2015",1,"2","98","2",2,1
"610","FALL2015",1,"1","2","1",3,2
"611","FALL2015",2,"2","2","2",1,1
"612","FALL2015",1,"1","2","1",2,2
"613","FALL2015",2,"3","98","1",2,98
"614","FALL2015",98,"2","2","2",3,1
"615","FALL2015",98,"2","98","2",3,4
"616","FALL2015",1,"3","3","2",4,2
"617","FALL2015",1,"2","1","1",99,2
"618","FALL2015",1,"1","2","2",4,1
"619","FALL2015",1,"2","2","2",2,2
"620","FALL2015",1,"2","2","1",5,1
"621","FALL2015",1,"1","98","98",4,4
"622","FALL2015",98,"2","2","98",2,2
"623","FALL2015",1,"2","2","1",3,4
"624","FALL2015",2,"1","3","2",5,1
"625","FALL2015",1,"1","2","2",4,3
"626","FALL2015",1,"2","2","3",3,4
"627","FALL2015",1,"2","2","2",4,4
"628","FALL2015",1,"2","3","2",5,1
"629","FALL2015",1,"2","2","3",2,1
"630","FALL2015",1,"2","98","3",1,1
"631","FALL2015",1,"1","2","2",4,2
"632","FALL2015",98,"2","98","2",5,2
"633","FALL2015",2,"2","3","4",3,4
"634","FALL2015",1,"2","2","1",4,1
"635","FALL2015",1,"1","98","1",2,2
"636","FALL2015",1,"1","98","2",3,4
"637","FALL2015",1,"2","2","1",3,4
"638","FALL2015",1,"2","2","2",5,4
"639","FALL2015",1,"1","2","2",5,4
"640","FALL2015",2,"1","3","1",5,4
"641","FALL2015",98,"2","2","2",4,4
"642","FALL2015",98,"2","2","2",4,2
"643","FALL2015",1,"1","2","1",4,4
"644","FALL2015",1,"1","98","98",1,1
"645","FALL2015",1,"2","2","2",3,4
"646","FALL2015",1,"2","1","2",3,2
"647","FALL2015",2,"1","3","2",99,99
"648","FALL2015",2,"3","2","1",4,2
"649","FALL2015",1,"2","2","1",3,2
"650","FALL2015",98,"2","3","2",5,2
"651","FALL2015",1,"2","2","2",4,4
"652","FALL2015",2,"2","98","3",5,3
"653","FALL2015",2,"2","98","3",2,4
"654","FALL2015",1,"1","2","1",4,1
"655","FALL2015",2,"2","2","3",2,2
"656","FALL2015",1,"1","2","2",4,4
"657","FALL2015",2,"3","2","4",3,1
"658","FALL2015",1,"1","3","2",4,4
"659","FALL2015",2,"2","2","1",5,4
"660","FALL2015",2,"2","2","3",3,2
"661","FALL2015",1,"2","98","2",2,4
"662","FALL2015",1,"2","98","2",3,2
"663","FALL2015",1,"2","98","3",4,1
"664","FALL2015",1,"2","2","1",2,2
"665","FALL2015",1,"2","2","2",4,2
"666","FALL2015",1,"2","2","3",4,1
"667","FALL2015",1,"1","2","2",5,4
"668","FALL2015",1,"2","98","1",4,1
"669","FALL2015",2,"2","2","98",3,4
"670","FALL2015",1,"3","2","2",3,1
"671","FALL2015",2,"1","2","3",3,3
"672","FALL2015",1,"2","1","1",3,1
"673","FALL2015",1,"1","98","1",3,1
"674","FALL2015",1,"4","98","3",3,2
"675","FALL2015",1,"1","2","1",5,1
"676","FALL2015",1,"1","2","2",5,4
"677","FALL2015",1,"3","2","1",2,4
"678","FALL2015",98,"2","98","2",3,4
"679","FALL2015",1,"2","98","2",4,2
"680","FALL2015",1,"2","2","1",3,4
"681","FALL2015",98,"3","98","3",2,2
"682","FALL2015",98,"3","3","98",3,1
"683","FALL2015",1,"3","3","1",4,1
"684","FALL2015",2,"2","2","2",2,1
"685","FALL2015",98,"2","98","98",4,1
"686","FALL2015",1,"3","98","3",4,2
"687","FALL2015",1,"2","98","2",3,1
"688","FALL2015",1,"3","3","3",3,4
"689","FALL2015",98,"1","98","2",5,99
"690","FALL2015",98,"4","98","2",2,4
"691","FALL2015",2,"2","2","2",4,1
"692","FALL2015",1,"2","98","2",3,2
"693","FALL2015",1,"2","2","2",4,4
"694","FALL2015",98,"2","2","99",2,4
"695","FALL2015",1,"2","2","3",2,2
"696","FALL2015",1,"1","2","2",3,4
"697","FALL2015",98,"2","2","3",3,4
"698","FALL2015",1,"3","98","3",2,4
"699","FALL2015",1,"1","98","4",5,1
"700","FALL2015",2,"2","2","3",4,2
"701","FALL2015",1,"2","1","2",2,2
"702","FALL2015",1,"1","2","4",4,2
"703","FALL2015",1,"3","3","2",2,1
"704","FALL2015",2,"1","3","4",3,4
"705","FALL2015",1,"1","2","1",3,99
"706","FALL2015",1,"2","1","2",4,2
"707","FALL2015",1,"2","98","2",3,4
"708","FALL2015",98,"2","2","98",2,1
"709","FALL2015",1,"1","2","2",3,2
"710","FALL2015",2,"1","3","4",2,2
"711","FALL2015",98,"4","98","98",2,2
"712","FALL2015",98,"2","98","98",3,2
"713","FALL2015",1,"2","3","2",3,2
"714","FALL2015",2,"2","2","2",4,2
"715","FALL2015",98,"2","3","3",2,2
"716","FALL2015",1,"2","3","2",4,4
"717","FALL2015",1,"3","2","2",3,2
"718","FALL2015",2,"3","2","3",2,1
"719","FALL2015",98,"1","98","98",3,4
"720","FALL2015",1,"2","98","2",5,3
"721","FALL2015",1,"1","2","1",3,4
"722","FALL2015",1,"2","2","1",5,4
"723","FALL2015",1,"3","1","2",4,98
"724","FALL2015",1,"2","2","2",2,98
"725","FALL2015",1,"1","1","99",5,2
"726","FALL2015",2,"1","3","4",3,4
"727","FALL2015",2,"2","98","3",2,1
"728","FALL2015",1,"2","2","1",4,4
"729","FALL2015",99,"3","2","2",3,1
"730","FALL2015",1,"4","98","2",1,1
"731","FALL2015",1,"1","98","2",5,99
"732","FALL2015",1,"2","2","2",2,2
"733","FALL2015",1,"2","1","2",3,1
"734","FALL2015",2,"2","2","4",3,1
"735","FALL2015",1,"2","2","1",3,99
"736","FALL2015",2,"1","3","3",4,2
"737","FALL2015",98,"3","98","2",5,99
"738","FALL2015",2,"2","98","2",4,2
"739","FALL2015",1,"2","2","2",5,4
"740","FALL2015",98,"2","2","2",3,2
"741","FALL2015",1,"2","98","1",4,1
"742","FALL2015",1,"1","98","1",4,4
"743","FALL2015",1,"1","2","1",5,1
"744","FALL2015",1,"3","2","2",3,1
"745","FALL2015",1,"2","2","2",3,4
"746","FALL2015",1,"3","98","4",2,3
"747","FALL2015",1,"2","2","2",4,1
"748","FALL2015",1,"2","2","1",3,1
"749","FALL2015",1,"2","98","1",5,2
"750","FALL2015",1,"1","2","2",4,98
"751","FALL2015",1,"2","2","1",5,1
"752","FALL2015",1,"2","1","2",2,98
"753","FALL2015",98,"2","2","98",4,4
"754","FALL2015",1,"2","2","1",4,1
"755","FALL2015",98,"2","98","1",5,4
"756","FALL2015",1,"2","3","3",5,4
"757","FALL2015",98,"2","2","2",1,1
"758","FALL2015",2,"2","2","1",4,1
"759","FALL2015",1,"2","98","2",4,1
"760","FALL2015",2,"3","3","2",2,2
"761","FALL2015",1,"2","1","2",3,2
"762","FALL2015",1,"2","2","2",4,1
"763","FALL2015",1,"2","98","2",2,1
"764","FALL2015",1,"1","2","1",5,1
"765","FALL2015",2,"2","2","98",4,2
"766","FALL2015",1,"2","1","2",2,4
"767","FALL2015",1,"2","98","1",2,1
"768","FALL2015",1,"1","2","2",4,2
"769","FALL2015",1,"1","2","1",4,4
"770","FALL2015",1,"2","98","2",4,2
"771","FALL2015",1,"1","2","2",3,1
"772","FALL2015",98,"2","2","4",2,1
"773","FALL2015",1,"2","1","2",5,2
"774","FALL2015",98,"2","2","1",4,2
"775","FALL2015",1,"1","1","2",2,1
"776","FALL2015",1,"2","2","2",3,1
"777","FALL2015",1,"2","2","2",3,4
"778","FALL2015",98,"2","98","98",4,1
"779","FALL2015",1,"1","2","1",4,1
"780","FALL2015",2,"2","2","3",4,2
"781","FALL2015",1,"2","3","2",4,1
"782","FALL2015",1,"3","3","1",2,4
"783","FALL2015",1,"1","98","2",2,1
"784","FALL2015",1,"1","2","1",5,1
"785","FALL2015",1,"2","1","1",4,1
"786","FALL2015",2,"2","2","1",3,4
"787","FALL2015",1,"2","2","2",4,4
"788","FALL2015",1,"2","98","3",5,4
"789","FALL2015",1,"2","2","1",3,4
"790","FALL2015",1,"2","1","1",2,4
"791","FALL2015",1,"2","1","2",2,2
"792","FALL2015",98,"3","2","98",2,4
"793","FALL2015",98,"2","2","2",2,1
"794","FALL2015",1,"1","2","2",4,2
"795","FALL2015",1,"2","1","2",3,1
"796","FALL2015",2,"1","1","4",5,2
"797","FALL2015",1,"1","98","4",5,2
"798","FALL2015",1,"2","2","2",3,4
"799","FALL2015",1,"2","2","2",4,4
"800","FALL2015",1,"2","2","1",3,4
"801","FALL2015",98,"2","3","3",3,4
"802","FALL2015",1,"2","2","1",2,4
"803","FALL2015",1,"1","1","2",4,2
"804","FALL2015",2,"1","3","4",5,2
"805","FALL2015",2,"2","2","3",3,1
"806","FALL2015",98,"2","1","2",2,99
"807","FALL2015",1,"4","98","4",4,4
"808","FALL2015",1,"2","2","2",2,4
"809","FALL2015",1,"1","3","2",5,4
"810","FALL2015",1,"2","2","1",4,4
"811","FALL2015",2,"2","98","4",2,2
"812","FALL2015",1,"2","2","2",4,4
"813","FALL2015",1,"1","2","1",5,1
"814","FALL2015",1,"2","98","1",5,1
"815","FALL2015",1,"2","2","1",4,98
"816","FALL2015",1,"3","2","1",3,4
"817","FALL2015",1,"2","2","1",5,4
"818","FALL2015",1,"2","3","3",4,3
"819","FALL2015",1,"2","2","2",5,4
"820","FALL2015",2,"2","1","4",3,2
"821","FALL2015",1,"2","2","2",5,3
"822","FALL2015",1,"3","98","2",3,2
"823","FALL2015",1,"2","2","2",4,2
"824","FALL2015",98,"1","98","2",5,2
"825","FALL2015",98,"3","98","3",2,1
"826","FALL2015",1,"2","2","2",3,4
"827","FALL2015",1,"2","2","1",3,4
"828","FALL2015",1,"2","1","2",5,98
"829","FALL2015",1,"1","2","1",3,1
"830","FALL2015",1,"2","98","2",5,2
"831","FALL2015",1,"4","98","98",1,3
"832","FALL2015",1,"1","1","2",4,1
"833","FALL2015",2,"1","3","2",3,2
"834","FALL2015",1,"2","2","3",3,4
"835","FALL2015",1,"1","2","4",3,4
"836","FALL2015",1,"3","98","1",1,4
"837","FALL2015",2,"2","2","1",5,2
"838","FALL2015",2,"2","1","4",4,3
"839","FALL2015",1,"2","2","1",4,1
"840","FALL2015",1,"2","2","3",3,99
"841","FALL2015",1,"2","98","4",2,4
"842","FALL2015",98,"2","2","98",4,4
"843","FALL2015",1,"2","98","3",2,1
"844","FALL2015",1,"2","2","1",2,1
"845","FALL2015",1,"2","98","3",3,4
"846","FALL2015",2,"2","2","2",3,1
"847","FALL2015",1,"2","2","3",2,1
"848","FALL2015",2,"1","2","4",2,1
"849","FALL2015",1,"2","2","1",3,4
"850","FALL2015",98,"2","2","4",3,1
"851","FALL2015",98,"2","98","2",4,1
"852","FALL2015",2,"2","1","99",4,2
"853","FALL2015",2,"2","2","2",4,2
"854","FALL2015",1,"1","2","1",4,4
"855","FALL2015",1,"1","2","1",4,1
"856","FALL2015",1,"3","2","2",2,1
"857","FALL2015",1,"1","2","1",5,1
"858","FALL2015",1,"2","3","2",3,4
"859","FALL2015",1,"1","2","1",5,1
"860","FALL2015",2,"2","2","2",4,1
"861","FALL2015",1,"2","1","2",3,2
"862","FALL2015",1,"2","98","1",5,1
"863","FALL2015",1,"1","2","1",5,4
"864","FALL2015",1,"1","2","2",4,1
"865","FALL2015",2,"2","98","3",2,4
"866","FALL2015",1,"1","98","2",3,1
"867","FALL2015",1,"2","2","1",3,2
"868","FALL2015",1,"2","2","1",4,1
"869","FALL2015",1,"2","2","4",2,1
"870","FALL2015",1,"2","2","2",2,1
"871","FALL2015",1,"1","98","2",4,4
"872","FALL2015",1,"2","98","2",4,99
"873","FALL2015",98,"2","98","2",4,4
"874","FALL2015",1,"2","1","2",3,4
"875","FALL2015",1,"1","2","2",4,99
"876","FALL2015",2,"2","2","1",2,2
"877","FALL2015",1,"2","2","2",3,4
"878","FALL2015",98,"2","2","1",5,4
"879","FALL2015",1,"2","2","1",3,2
"880","FALL2015",1,"2","2","1",2,1
"881","FALL2015",1,"1","2","2",4,3
"882","FALL2015",2,"3","98","3",1,4
"883","FALL2015",1,"3","98","1",1,1
"884","FALL2015",1,"1","2","1",5,1
"885","FALL2015",1,"2","2","2",3,4
"886","FALL2015",2,"1","3","2",2,2
"887","FALL2015",1,"2","3","2",2,1
"888","FALL2015",1,"1","2","2",3,1
"889","FALL2015",1,"2","2","2",5,1
"890","FALL2015",98,"2","98","3",5,2
"891","FALL2015",2,"3","3","2",3,4
"892","FALL2015",2,"3","2","3",4,2
"893","FALL2015",1,"3","2","1",2,4
"894","FALL2015",2,"2","98","1",2,1
"895","FALL2015",2,"2","98","1",4,1
"896","FALL2015",1,"2","3","2",3,98
"897","FALL2015",1,"2","3","1",5,2
"898","FALL2015",2,"2","2","3",3,1
"899","FALL2015",1,"2","98","1",3,3
"900","FALL2015",1,"4","1","4",5,4
"901","FALL2015",1,"1","2","2",5,99
"902","FALL2015",1,"1","2","2",5,2
"903","FALL2015",1,"2","2","2",4,4
"904","FALL2015",1,"2","2","2",2,4
"905","FALL2015",98,"2","2","3",2,4
"906","FALL2015",2,"1","1","2",5,2
"907","FALL2015",1,"1","2","2",3,1
"908","FALL2015",1,"1","2","2",4,1
"909","FALL2015",2,"1","98","2",4,99
"910","FALL2015",1,"2","3","2",4,1
"911","FALL2015",98,"3","2","2",4,4
